Copyright 1986-2022 Xilinx, Inc. All Rights Reserved. Copyright 2022-2025 Advanced Micro Devices, Inc. All Rights Reserved.
---------------------------------------------------------------------------------------------------------------------------------------------------------------------------------------------------------------------------------------------------
| Tool Version : Vivado v.2025.1 (win64) Build 6140274 Thu May 22 00:12:29 MDT 2025
| Date         : Tue Feb 24 21:15:40 2026
| Host         : JoelsLaptop running 64-bit major release  (build 9200)
| Command      : report_timing_summary -max_paths 10 -routable_nets -report_unconstrained -file PmodGYRO_Demo_timing_summary_routed.rpt -pb PmodGYRO_Demo_timing_summary_routed.pb -rpx PmodGYRO_Demo_timing_summary_routed.rpx -warn_on_violation
| Design       : PmodGYRO_Demo
| Device       : 7a35t-cpg236
| Speed File   : -1  PRODUCTION 1.23 2018-06-13
| Design State : Routed
---------------------------------------------------------------------------------------------------------------------------------------------------------------------------------------------------------------------------------------------------

Timing Summary Report

------------------------------------------------------------------------------------------------
| Timer Settings
| --------------
------------------------------------------------------------------------------------------------

  Enable Multi Corner Analysis               :  Yes
  Enable Pessimism Removal                   :  Yes
  Pessimism Removal Resolution               :  Nearest Common Node
  Enable Input Delay Default Clock           :  No
  Enable Preset / Clear Arcs                 :  No
  Disable Flight Delays                      :  No
  Ignore I/O Paths                           :  No
  Timing Early Launch at Borrowing Latches   :  No
  Borrow Time for Max Delay Exceptions       :  Yes
  Merge Timing Exceptions                    :  Yes
  Inter-SLR Compensation                     :  Conservative

  Corner  Analyze    Analyze    
  Name    Max Paths  Min Paths  
  ------  ---------  ---------  
  Slow    Yes        Yes        
  Fast    Yes        Yes        


------------------------------------------------------------------------------------------------
| Report Methodology
| ------------------
------------------------------------------------------------------------------------------------

Rule       Severity          Description                       Violations  
---------  ----------------  --------------------------------  ----------  
TIMING-17  Critical Warning  Non-clocked sequential cell       2           
HPDR-1     Warning           Port pin direction inconsistency  3           
TIMING-18  Warning           Missing input or output delay     20          

Note: This report is based on the most recent report_methodology run and may not be up-to-date. Run report_methodology on the current design for the latest report.



check_timing report

Table of Contents
-----------------
1. checking no_clock (2)
2. checking constant_clock (0)
3. checking pulse_width_clock (0)
4. checking unconstrained_internal_endpoints (4)
5. checking no_input_delay (5)
6. checking no_output_delay (14)
7. checking multiple_clock (0)
8. checking generated_clocks (0)
9. checking loops (0)
10. checking partial_input_delay (0)
11. checking partial_output_delay (0)
12. checking latch_loops (0)

1. checking no_clock (2)
------------------------
 There are 2 register/latch pins with no clock driven by root clock pin: C2/C1/cntval_reg[15]/Q (HIGH)


2. checking constant_clock (0)
------------------------------
 There are 0 register/latch pins with constant_clock.


3. checking pulse_width_clock (0)
---------------------------------
 There are 0 register/latch pins which need pulse_width check


4. checking unconstrained_internal_endpoints (4)
------------------------------------------------
 There are 4 pins that are not constrained for maximum delay. (HIGH)

 There are 0 pins that are not constrained for maximum delay due to constant clock.


5. checking no_input_delay (5)
------------------------------
 There are 5 input ports with no input delay specified. (HIGH)

 There are 0 input ports with no input delay but user has a false path constraint.


6. checking no_output_delay (14)
--------------------------------
 There are 14 ports with no output delay specified. (HIGH)

 There are 0 ports with no output delay but user has a false path constraint

 There are 0 ports with no output delay but with a timing clock defined on it or propagating through it


7. checking multiple_clock (0)
------------------------------
 There are 0 register/latch pins with multiple clocks.


8. checking generated_clocks (0)
--------------------------------
 There are 0 generated clocks that are not connected to a clock source.


9. checking loops (0)
---------------------
 There are 0 combinational loops in the design.


10. checking partial_input_delay (0)
------------------------------------
 There are 0 input ports with partial input delay specified.


11. checking partial_output_delay (0)
-------------------------------------
 There are 0 ports with partial output delay specified.


12. checking latch_loops (0)
----------------------------
 There are 0 combinational latch loops in the design through latch input



------------------------------------------------------------------------------------------------
| Design Timing Summary
| ---------------------
------------------------------------------------------------------------------------------------

    WNS(ns)      TNS(ns)  TNS Failing Endpoints  TNS Total Endpoints      WHS(ns)      THS(ns)  THS Failing Endpoints  THS Total Endpoints     WPWS(ns)     TPWS(ns)  TPWS Failing Endpoints  TPWS Total Endpoints  
    -------      -------  ---------------------  -------------------      -------      -------  ---------------------  -------------------     --------     --------  ----------------------  --------------------  
      3.520        0.000                      0                  499        0.152        0.000                      0                  499        4.500        0.000                       0                   260  


All user specified timing constraints are met.


------------------------------------------------------------------------------------------------
| Clock Summary
| -------------
------------------------------------------------------------------------------------------------

Clock        Waveform(ns)       Period(ns)      Frequency(MHz)
-----        ------------       ----------      --------------
sys_clk_pin  {0.000 5.000}      10.000          100.000         


------------------------------------------------------------------------------------------------
| Intra Clock Table
| -----------------
------------------------------------------------------------------------------------------------

Clock             WNS(ns)      TNS(ns)  TNS Failing Endpoints  TNS Total Endpoints      WHS(ns)      THS(ns)  THS Failing Endpoints  THS Total Endpoints     WPWS(ns)     TPWS(ns)  TPWS Failing Endpoints  TPWS Total Endpoints  
-----             -------      -------  ---------------------  -------------------      -------      -------  ---------------------  -------------------     --------     --------  ----------------------  --------------------  
sys_clk_pin         3.520        0.000                      0                  499        0.152        0.000                      0                  499        4.500        0.000                       0                   260  


------------------------------------------------------------------------------------------------
| Inter Clock Table
| -----------------
------------------------------------------------------------------------------------------------

From Clock    To Clock          WNS(ns)      TNS(ns)  TNS Failing Endpoints  TNS Total Endpoints      WHS(ns)      THS(ns)  THS Failing Endpoints  THS Total Endpoints  
----------    --------          -------      -------  ---------------------  -------------------      -------      -------  ---------------------  -------------------  


------------------------------------------------------------------------------------------------
| Other Path Groups Table
| -----------------------
------------------------------------------------------------------------------------------------

Path Group    From Clock    To Clock          WNS(ns)      TNS(ns)  TNS Failing Endpoints  TNS Total Endpoints      WHS(ns)      THS(ns)  THS Failing Endpoints  THS Total Endpoints  
----------    ----------    --------          -------      -------  ---------------------  -------------------      -------      -------  ---------------------  -------------------  


------------------------------------------------------------------------------------------------
| User Ignored Path Table
| -----------------------
------------------------------------------------------------------------------------------------

Path Group    From Clock    To Clock    
----------    ----------    --------    


------------------------------------------------------------------------------------------------
| Unconstrained Path Table
| ------------------------
------------------------------------------------------------------------------------------------

Path Group    From Clock    To Clock    
----------    ----------    --------    
(none)                                    
(none)        sys_clk_pin                 
(none)                      sys_clk_pin   


------------------------------------------------------------------------------------------------
| Timing Details
| --------------
------------------------------------------------------------------------------------------------


---------------------------------------------------------------------------------------------------
From Clock:  sys_clk_pin
  To Clock:  sys_clk_pin

Setup :            0  Failing Endpoints,  Worst Slack        3.520ns,  Total Violation        0.000ns
Hold  :            0  Failing Endpoints,  Worst Slack        0.152ns,  Total Violation        0.000ns
PW    :            0  Failing Endpoints,  Worst Slack        4.500ns,  Total Violation        0.000ns
---------------------------------------------------------------------------------------------------


Max Delay Paths
--------------------------------------------------------------------------------------
Slack (MET) :             3.520ns  (required time - arrival time)
  Source:                 C0/temp_data_reg[1]/C
                            (rising edge-triggered cell FDRE clocked by sys_clk_pin  {rise@0.000ns fall@5.000ns period=10.000ns})
  Destination:            C2/C0/BtoBCD/tmpSR_reg[5]/D
                            (rising edge-triggered cell FDRE clocked by sys_clk_pin  {rise@0.000ns fall@5.000ns period=10.000ns})
  Path Group:             sys_clk_pin
  Path Type:              Setup (Max at Slow Process Corner)
  Requirement:            10.000ns  (sys_clk_pin rise@10.000ns - sys_clk_pin rise@0.000ns)
  Data Path Delay:        6.453ns  (logic 3.007ns (46.602%)  route 3.446ns (53.398%))
  Logic Levels:           9  (CARRY4=6 LUT3=1 LUT6=2)
  Clock Path Skew:        -0.024ns (DCD - SCD + CPR)
    Destination Clock Delay (DCD):    4.849ns = ( 14.849 - 10.000 ) 
    Source Clock Delay      (SCD):    5.145ns
    Clock Pessimism Removal (CPR):    0.272ns
  Clock Uncertainty:      0.035ns  ((TSJ^2 + TIJ^2)^1/2 + DJ) / 2 + PE
    Total System Jitter     (TSJ):    0.071ns
    Total Input Jitter      (TIJ):    0.000ns
    Discrete Jitter          (DJ):    0.000ns
    Phase Error              (PE):    0.000ns

    Location             Delay type                Incr(ns)  Path(ns)    Netlist Resource(s)
  -------------------------------------------------------------------    -------------------
                         (clock sys_clk_pin rise edge)
                                                      0.000     0.000 r  
    W5                                                0.000     0.000 r  clk (IN)
                         net (fo=0)                   0.000     0.000    clk
    W5                   IBUF (Prop_ibuf_I_O)         1.458     1.458 r  clk_IBUF_inst/O
                         net (fo=1, routed)           1.967     3.425    clk_IBUF
    BUFGCTRL_X0Y0        BUFG (Prop_bufg_I_O)         0.096     3.521 r  clk_IBUF_BUFG_inst/O
                         net (fo=259, routed)         1.624     5.145    C0/clk_IBUF_BUFG
    SLICE_X58Y91         FDRE                                         r  C0/temp_data_reg[1]/C
  -------------------------------------------------------------------    -------------------
    SLICE_X58Y91         FDRE (Prop_fdre_C_Q)         0.456     5.601 f  C0/temp_data_reg[1]/Q
                         net (fo=4, routed)           0.964     6.565    C0/temp_data[1]
    SLICE_X57Y92         LUT6 (Prop_lut6_I1_O)        0.124     6.689 r  C0/tmpSR[3]_i_43/O
                         net (fo=1, routed)           0.627     7.316    C0/tmpSR[3]_i_43_n_0
    SLICE_X61Y92         CARRY4 (Prop_carry4_S[0]_CO[3])
                                                      0.656     7.972 r  C0/tmpSR_reg[3]_i_28/CO[3]
                         net (fo=1, routed)           0.000     7.972    C0/tmpSR_reg[3]_i_28_n_0
    SLICE_X61Y93         CARRY4 (Prop_carry4_CI_O[0])
                                                      0.222     8.194 r  C0/tmpSR_reg[3]_i_21/O[0]
                         net (fo=3, routed)           0.836     9.029    C0/unsigned_data0[4]
    SLICE_X58Y93         LUT3 (Prop_lut3_I0_O)        0.299     9.328 r  C0/tmpSR[3]_i_22/O
                         net (fo=1, routed)           0.520     9.849    C0/C2/A[5]
    SLICE_X59Y92         CARRY4 (Prop_carry4_DI[3]_CO[3])
                                                      0.385    10.234 r  C0/tmpSR_reg[3]_i_12/CO[3]
                         net (fo=1, routed)           0.000    10.234    C0/tmpSR_reg[3]_i_12_n_0
    SLICE_X59Y93         CARRY4 (Prop_carry4_CI_CO[3])
                                                      0.114    10.348 r  C0/tmpSR_reg[3]_i_3/CO[3]
                         net (fo=1, routed)           0.000    10.348    C0/tmpSR_reg[3]_i_3_n_0
    SLICE_X59Y94         CARRY4 (Prop_carry4_CI_CO[3])
                                                      0.114    10.462 r  C0/tmpSR_reg[3]_i_2/CO[3]
                         net (fo=1, routed)           0.000    10.462    C0/tmpSR_reg[3]_i_2_n_0
    SLICE_X59Y95         CARRY4 (Prop_carry4_CI_O[1])
                                                      0.334    10.796 r  C0/tmpSR_reg[7]_i_2/O[1]
                         net (fo=1, routed)           0.499    11.294    C2/C0/BtoBCD/temp0[5]
    SLICE_X58Y95         LUT6 (Prop_lut6_I3_O)        0.303    11.597 r  C2/C0/BtoBCD/tmpSR[5]_i_1/O
                         net (fo=1, routed)           0.000    11.597    C2/C0/BtoBCD/tmpSR[5]
    SLICE_X58Y95         FDRE                                         r  C2/C0/BtoBCD/tmpSR_reg[5]/D
  -------------------------------------------------------------------    -------------------

                         (clock sys_clk_pin rise edge)
                                                     10.000    10.000 r  
    W5                                                0.000    10.000 r  clk (IN)
                         net (fo=0)                   0.000    10.000    clk
    W5                   IBUF (Prop_ibuf_I_O)         1.388    11.388 r  clk_IBUF_inst/O
                         net (fo=1, routed)           1.862    13.250    clk_IBUF
    BUFGCTRL_X0Y0        BUFG (Prop_bufg_I_O)         0.091    13.341 r  clk_IBUF_BUFG_inst/O
                         net (fo=259, routed)         1.508    14.849    C2/C0/BtoBCD/clk_IBUF_BUFG
    SLICE_X58Y95         FDRE                                         r  C2/C0/BtoBCD/tmpSR_reg[5]/C
                         clock pessimism              0.272    15.121    
                         clock uncertainty           -0.035    15.086    
    SLICE_X58Y95         FDRE (Setup_fdre_C_D)        0.032    15.118    C2/C0/BtoBCD/tmpSR_reg[5]
  -------------------------------------------------------------------
                         required time                         15.118    
                         arrival time                         -11.597    
  -------------------------------------------------------------------
                         slack                                  3.520    

Slack (MET) :             3.549ns  (required time - arrival time)
  Source:                 C0/temp_data_reg[1]/C
                            (rising edge-triggered cell FDRE clocked by sys_clk_pin  {rise@0.000ns fall@5.000ns period=10.000ns})
  Destination:            C2/C0/BtoBCD/tmpSR_reg[9]/D
                            (rising edge-triggered cell FDRE clocked by sys_clk_pin  {rise@0.000ns fall@5.000ns period=10.000ns})
  Path Group:             sys_clk_pin
  Path Type:              Setup (Max at Slow Process Corner)
  Requirement:            10.000ns  (sys_clk_pin rise@10.000ns - sys_clk_pin rise@0.000ns)
  Data Path Delay:        6.422ns  (logic 2.970ns (46.244%)  route 3.452ns (53.756%))
  Logic Levels:           10  (CARRY4=7 LUT3=1 LUT6=2)
  Clock Path Skew:        -0.024ns (DCD - SCD + CPR)
    Destination Clock Delay (DCD):    4.849ns = ( 14.849 - 10.000 ) 
    Source Clock Delay      (SCD):    5.145ns
    Clock Pessimism Removal (CPR):    0.272ns
  Clock Uncertainty:      0.035ns  ((TSJ^2 + TIJ^2)^1/2 + DJ) / 2 + PE
    Total System Jitter     (TSJ):    0.071ns
    Total Input Jitter      (TIJ):    0.000ns
    Discrete Jitter          (DJ):    0.000ns
    Phase Error              (PE):    0.000ns

    Location             Delay type                Incr(ns)  Path(ns)    Netlist Resource(s)
  -------------------------------------------------------------------    -------------------
                         (clock sys_clk_pin rise edge)
                                                      0.000     0.000 r  
    W5                                                0.000     0.000 r  clk (IN)
                         net (fo=0)                   0.000     0.000    clk
    W5                   IBUF (Prop_ibuf_I_O)         1.458     1.458 r  clk_IBUF_inst/O
                         net (fo=1, routed)           1.967     3.425    clk_IBUF
    BUFGCTRL_X0Y0        BUFG (Prop_bufg_I_O)         0.096     3.521 r  clk_IBUF_BUFG_inst/O
                         net (fo=259, routed)         1.624     5.145    C0/clk_IBUF_BUFG
    SLICE_X58Y91         FDRE                                         r  C0/temp_data_reg[1]/C
  -------------------------------------------------------------------    -------------------
    SLICE_X58Y91         FDRE (Prop_fdre_C_Q)         0.456     5.601 f  C0/temp_data_reg[1]/Q
                         net (fo=4, routed)           0.964     6.565    C0/temp_data[1]
    SLICE_X57Y92         LUT6 (Prop_lut6_I1_O)        0.124     6.689 r  C0/tmpSR[3]_i_43/O
                         net (fo=1, routed)           0.627     7.316    C0/tmpSR[3]_i_43_n_0
    SLICE_X61Y92         CARRY4 (Prop_carry4_S[0]_CO[3])
                                                      0.656     7.972 r  C0/tmpSR_reg[3]_i_28/CO[3]
                         net (fo=1, routed)           0.000     7.972    C0/tmpSR_reg[3]_i_28_n_0
    SLICE_X61Y93         CARRY4 (Prop_carry4_CI_O[0])
                                                      0.222     8.194 r  C0/tmpSR_reg[3]_i_21/O[0]
                         net (fo=3, routed)           0.836     9.029    C0/unsigned_data0[4]
    SLICE_X58Y93         LUT3 (Prop_lut3_I0_O)        0.299     9.328 r  C0/tmpSR[3]_i_22/O
                         net (fo=1, routed)           0.520     9.849    C0/C2/A[5]
    SLICE_X59Y92         CARRY4 (Prop_carry4_DI[3]_CO[3])
                                                      0.385    10.234 r  C0/tmpSR_reg[3]_i_12/CO[3]
                         net (fo=1, routed)           0.000    10.234    C0/tmpSR_reg[3]_i_12_n_0
    SLICE_X59Y93         CARRY4 (Prop_carry4_CI_CO[3])
                                                      0.114    10.348 r  C0/tmpSR_reg[3]_i_3/CO[3]
                         net (fo=1, routed)           0.000    10.348    C0/tmpSR_reg[3]_i_3_n_0
    SLICE_X59Y94         CARRY4 (Prop_carry4_CI_CO[3])
                                                      0.114    10.462 r  C0/tmpSR_reg[3]_i_2/CO[3]
                         net (fo=1, routed)           0.000    10.462    C0/tmpSR_reg[3]_i_2_n_0
    SLICE_X59Y95         CARRY4 (Prop_carry4_CI_CO[3])
                                                      0.114    10.576 r  C0/tmpSR_reg[7]_i_2/CO[3]
                         net (fo=1, routed)           0.000    10.576    C0/tmpSR_reg[7]_i_2_n_0
    SLICE_X59Y96         CARRY4 (Prop_carry4_CI_CO[1])
                                                      0.157    10.733 r  C0/tmpSR_reg[9]_i_4/CO[1]
                         net (fo=1, routed)           0.505    11.238    C2/C0/BtoBCD/temp0[9]
    SLICE_X58Y96         LUT6 (Prop_lut6_I3_O)        0.329    11.567 r  C2/C0/BtoBCD/tmpSR[9]_i_1/O
                         net (fo=1, routed)           0.000    11.567    C2/C0/BtoBCD/tmpSR[9]
    SLICE_X58Y96         FDRE                                         r  C2/C0/BtoBCD/tmpSR_reg[9]/D
  -------------------------------------------------------------------    -------------------

                         (clock sys_clk_pin rise edge)
                                                     10.000    10.000 r  
    W5                                                0.000    10.000 r  clk (IN)
                         net (fo=0)                   0.000    10.000    clk
    W5                   IBUF (Prop_ibuf_I_O)         1.388    11.388 r  clk_IBUF_inst/O
                         net (fo=1, routed)           1.862    13.250    clk_IBUF
    BUFGCTRL_X0Y0        BUFG (Prop_bufg_I_O)         0.091    13.341 r  clk_IBUF_BUFG_inst/O
                         net (fo=259, routed)         1.508    14.849    C2/C0/BtoBCD/clk_IBUF_BUFG
    SLICE_X58Y96         FDRE                                         r  C2/C0/BtoBCD/tmpSR_reg[9]/C
                         clock pessimism              0.272    15.121    
                         clock uncertainty           -0.035    15.086    
    SLICE_X58Y96         FDRE (Setup_fdre_C_D)        0.031    15.117    C2/C0/BtoBCD/tmpSR_reg[9]
  -------------------------------------------------------------------
                         required time                         15.117    
                         arrival time                         -11.567    
  -------------------------------------------------------------------
                         slack                                  3.549    

Slack (MET) :             3.590ns  (required time - arrival time)
  Source:                 C0/temp_data_reg[1]/C
                            (rising edge-triggered cell FDRE clocked by sys_clk_pin  {rise@0.000ns fall@5.000ns period=10.000ns})
  Destination:            C2/C0/BtoBCD/tmpSR_reg[7]/D
                            (rising edge-triggered cell FDRE clocked by sys_clk_pin  {rise@0.000ns fall@5.000ns period=10.000ns})
  Path Group:             sys_clk_pin
  Path Type:              Setup (Max at Slow Process Corner)
  Requirement:            10.000ns  (sys_clk_pin rise@10.000ns - sys_clk_pin rise@0.000ns)
  Data Path Delay:        6.382ns  (logic 2.989ns (46.834%)  route 3.393ns (53.166%))
  Logic Levels:           9  (CARRY4=6 LUT3=1 LUT6=2)
  Clock Path Skew:        -0.024ns (DCD - SCD + CPR)
    Destination Clock Delay (DCD):    4.849ns = ( 14.849 - 10.000 ) 
    Source Clock Delay      (SCD):    5.145ns
    Clock Pessimism Removal (CPR):    0.272ns
  Clock Uncertainty:      0.035ns  ((TSJ^2 + TIJ^2)^1/2 + DJ) / 2 + PE
    Total System Jitter     (TSJ):    0.071ns
    Total Input Jitter      (TIJ):    0.000ns
    Discrete Jitter          (DJ):    0.000ns
    Phase Error              (PE):    0.000ns

    Location             Delay type                Incr(ns)  Path(ns)    Netlist Resource(s)
  -------------------------------------------------------------------    -------------------
                         (clock sys_clk_pin rise edge)
                                                      0.000     0.000 r  
    W5                                                0.000     0.000 r  clk (IN)
                         net (fo=0)                   0.000     0.000    clk
    W5                   IBUF (Prop_ibuf_I_O)         1.458     1.458 r  clk_IBUF_inst/O
                         net (fo=1, routed)           1.967     3.425    clk_IBUF
    BUFGCTRL_X0Y0        BUFG (Prop_bufg_I_O)         0.096     3.521 r  clk_IBUF_BUFG_inst/O
                         net (fo=259, routed)         1.624     5.145    C0/clk_IBUF_BUFG
    SLICE_X58Y91         FDRE                                         r  C0/temp_data_reg[1]/C
  -------------------------------------------------------------------    -------------------
    SLICE_X58Y91         FDRE (Prop_fdre_C_Q)         0.456     5.601 f  C0/temp_data_reg[1]/Q
                         net (fo=4, routed)           0.964     6.565    C0/temp_data[1]
    SLICE_X57Y92         LUT6 (Prop_lut6_I1_O)        0.124     6.689 r  C0/tmpSR[3]_i_43/O
                         net (fo=1, routed)           0.627     7.316    C0/tmpSR[3]_i_43_n_0
    SLICE_X61Y92         CARRY4 (Prop_carry4_S[0]_CO[3])
                                                      0.656     7.972 r  C0/tmpSR_reg[3]_i_28/CO[3]
                         net (fo=1, routed)           0.000     7.972    C0/tmpSR_reg[3]_i_28_n_0
    SLICE_X61Y93         CARRY4 (Prop_carry4_CI_O[0])
                                                      0.222     8.194 r  C0/tmpSR_reg[3]_i_21/O[0]
                         net (fo=3, routed)           0.836     9.029    C0/unsigned_data0[4]
    SLICE_X58Y93         LUT3 (Prop_lut3_I0_O)        0.299     9.328 r  C0/tmpSR[3]_i_22/O
                         net (fo=1, routed)           0.520     9.849    C0/C2/A[5]
    SLICE_X59Y92         CARRY4 (Prop_carry4_DI[3]_CO[3])
                                                      0.385    10.234 r  C0/tmpSR_reg[3]_i_12/CO[3]
                         net (fo=1, routed)           0.000    10.234    C0/tmpSR_reg[3]_i_12_n_0
    SLICE_X59Y93         CARRY4 (Prop_carry4_CI_CO[3])
                                                      0.114    10.348 r  C0/tmpSR_reg[3]_i_3/CO[3]
                         net (fo=1, routed)           0.000    10.348    C0/tmpSR_reg[3]_i_3_n_0
    SLICE_X59Y94         CARRY4 (Prop_carry4_CI_CO[3])
                                                      0.114    10.462 r  C0/tmpSR_reg[3]_i_2/CO[3]
                         net (fo=1, routed)           0.000    10.462    C0/tmpSR_reg[3]_i_2_n_0
    SLICE_X59Y95         CARRY4 (Prop_carry4_CI_O[3])
                                                      0.313    10.775 r  C0/tmpSR_reg[7]_i_2/O[3]
                         net (fo=1, routed)           0.446    11.221    C2/C0/BtoBCD/temp0[7]
    SLICE_X58Y96         LUT6 (Prop_lut6_I3_O)        0.306    11.527 r  C2/C0/BtoBCD/tmpSR[7]_i_1/O
                         net (fo=1, routed)           0.000    11.527    C2/C0/BtoBCD/tmpSR[7]
    SLICE_X58Y96         FDRE                                         r  C2/C0/BtoBCD/tmpSR_reg[7]/D
  -------------------------------------------------------------------    -------------------

                         (clock sys_clk_pin rise edge)
                                                     10.000    10.000 r  
    W5                                                0.000    10.000 r  clk (IN)
                         net (fo=0)                   0.000    10.000    clk
    W5                   IBUF (Prop_ibuf_I_O)         1.388    11.388 r  clk_IBUF_inst/O
                         net (fo=1, routed)           1.862    13.250    clk_IBUF
    BUFGCTRL_X0Y0        BUFG (Prop_bufg_I_O)         0.091    13.341 r  clk_IBUF_BUFG_inst/O
                         net (fo=259, routed)         1.508    14.849    C2/C0/BtoBCD/clk_IBUF_BUFG
    SLICE_X58Y96         FDRE                                         r  C2/C0/BtoBCD/tmpSR_reg[7]/C
                         clock pessimism              0.272    15.121    
                         clock uncertainty           -0.035    15.086    
    SLICE_X58Y96         FDRE (Setup_fdre_C_D)        0.031    15.117    C2/C0/BtoBCD/tmpSR_reg[7]
  -------------------------------------------------------------------
                         required time                         15.117    
                         arrival time                         -11.527    
  -------------------------------------------------------------------
                         slack                                  3.590    

Slack (MET) :             3.641ns  (required time - arrival time)
  Source:                 C0/temp_data_reg[1]/C
                            (rising edge-triggered cell FDRE clocked by sys_clk_pin  {rise@0.000ns fall@5.000ns period=10.000ns})
  Destination:            C2/C0/BtoBCD/tmpSR_reg[0]/D
                            (rising edge-triggered cell FDRE clocked by sys_clk_pin  {rise@0.000ns fall@5.000ns period=10.000ns})
  Path Group:             sys_clk_pin
  Path Type:              Setup (Max at Slow Process Corner)
  Requirement:            10.000ns  (sys_clk_pin rise@10.000ns - sys_clk_pin rise@0.000ns)
  Data Path Delay:        6.329ns  (logic 2.777ns (43.875%)  route 3.552ns (56.125%))
  Logic Levels:           8  (CARRY4=5 LUT3=1 LUT6=2)
  Clock Path Skew:        -0.023ns (DCD - SCD + CPR)
    Destination Clock Delay (DCD):    4.850ns = ( 14.850 - 10.000 ) 
    Source Clock Delay      (SCD):    5.145ns
    Clock Pessimism Removal (CPR):    0.272ns
  Clock Uncertainty:      0.035ns  ((TSJ^2 + TIJ^2)^1/2 + DJ) / 2 + PE
    Total System Jitter     (TSJ):    0.071ns
    Total Input Jitter      (TIJ):    0.000ns
    Discrete Jitter          (DJ):    0.000ns
    Phase Error              (PE):    0.000ns

    Location             Delay type                Incr(ns)  Path(ns)    Netlist Resource(s)
  -------------------------------------------------------------------    -------------------
                         (clock sys_clk_pin rise edge)
                                                      0.000     0.000 r  
    W5                                                0.000     0.000 r  clk (IN)
                         net (fo=0)                   0.000     0.000    clk
    W5                   IBUF (Prop_ibuf_I_O)         1.458     1.458 r  clk_IBUF_inst/O
                         net (fo=1, routed)           1.967     3.425    clk_IBUF
    BUFGCTRL_X0Y0        BUFG (Prop_bufg_I_O)         0.096     3.521 r  clk_IBUF_BUFG_inst/O
                         net (fo=259, routed)         1.624     5.145    C0/clk_IBUF_BUFG
    SLICE_X58Y91         FDRE                                         r  C0/temp_data_reg[1]/C
  -------------------------------------------------------------------    -------------------
    SLICE_X58Y91         FDRE (Prop_fdre_C_Q)         0.456     5.601 f  C0/temp_data_reg[1]/Q
                         net (fo=4, routed)           0.964     6.565    C0/temp_data[1]
    SLICE_X57Y92         LUT6 (Prop_lut6_I1_O)        0.124     6.689 r  C0/tmpSR[3]_i_43/O
                         net (fo=1, routed)           0.627     7.316    C0/tmpSR[3]_i_43_n_0
    SLICE_X61Y92         CARRY4 (Prop_carry4_S[0]_CO[3])
                                                      0.656     7.972 r  C0/tmpSR_reg[3]_i_28/CO[3]
                         net (fo=1, routed)           0.000     7.972    C0/tmpSR_reg[3]_i_28_n_0
    SLICE_X61Y93         CARRY4 (Prop_carry4_CI_O[0])
                                                      0.222     8.194 r  C0/tmpSR_reg[3]_i_21/O[0]
                         net (fo=3, routed)           0.836     9.029    C0/unsigned_data0[4]
    SLICE_X58Y93         LUT3 (Prop_lut3_I0_O)        0.299     9.328 r  C0/tmpSR[3]_i_22/O
                         net (fo=1, routed)           0.520     9.849    C0/C2/A[5]
    SLICE_X59Y92         CARRY4 (Prop_carry4_DI[3]_CO[3])
                                                      0.385    10.234 r  C0/tmpSR_reg[3]_i_12/CO[3]
                         net (fo=1, routed)           0.000    10.234    C0/tmpSR_reg[3]_i_12_n_0
    SLICE_X59Y93         CARRY4 (Prop_carry4_CI_CO[3])
                                                      0.114    10.348 r  C0/tmpSR_reg[3]_i_3/CO[3]
                         net (fo=1, routed)           0.000    10.348    C0/tmpSR_reg[3]_i_3_n_0
    SLICE_X59Y94         CARRY4 (Prop_carry4_CI_O[0])
                                                      0.222    10.570 r  C0/tmpSR_reg[3]_i_2/O[0]
                         net (fo=1, routed)           0.605    11.175    C2/C0/BtoBCD/temp0[0]
    SLICE_X58Y97         LUT6 (Prop_lut6_I0_O)        0.299    11.474 r  C2/C0/BtoBCD/tmpSR[0]_i_1/O
                         net (fo=1, routed)           0.000    11.474    C2/C0/BtoBCD/tmpSR[0]
    SLICE_X58Y97         FDRE                                         r  C2/C0/BtoBCD/tmpSR_reg[0]/D
  -------------------------------------------------------------------    -------------------

                         (clock sys_clk_pin rise edge)
                                                     10.000    10.000 r  
    W5                                                0.000    10.000 r  clk (IN)
                         net (fo=0)                   0.000    10.000    clk
    W5                   IBUF (Prop_ibuf_I_O)         1.388    11.388 r  clk_IBUF_inst/O
                         net (fo=1, routed)           1.862    13.250    clk_IBUF
    BUFGCTRL_X0Y0        BUFG (Prop_bufg_I_O)         0.091    13.341 r  clk_IBUF_BUFG_inst/O
                         net (fo=259, routed)         1.509    14.850    C2/C0/BtoBCD/clk_IBUF_BUFG
    SLICE_X58Y97         FDRE                                         r  C2/C0/BtoBCD/tmpSR_reg[0]/C
                         clock pessimism              0.272    15.122    
                         clock uncertainty           -0.035    15.087    
    SLICE_X58Y97         FDRE (Setup_fdre_C_D)        0.029    15.116    C2/C0/BtoBCD/tmpSR_reg[0]
  -------------------------------------------------------------------
                         required time                         15.116    
                         arrival time                         -11.474    
  -------------------------------------------------------------------
                         slack                                  3.641    

Slack (MET) :             3.689ns  (required time - arrival time)
  Source:                 C0/temp_data_reg[1]/C
                            (rising edge-triggered cell FDRE clocked by sys_clk_pin  {rise@0.000ns fall@5.000ns period=10.000ns})
  Destination:            C2/C0/BtoBCD/tmpSR_reg[1]/D
                            (rising edge-triggered cell FDRE clocked by sys_clk_pin  {rise@0.000ns fall@5.000ns period=10.000ns})
  Path Group:             sys_clk_pin
  Path Type:              Setup (Max at Slow Process Corner)
  Requirement:            10.000ns  (sys_clk_pin rise@10.000ns - sys_clk_pin rise@0.000ns)
  Data Path Delay:        6.282ns  (logic 2.893ns (46.052%)  route 3.389ns (53.948%))
  Logic Levels:           8  (CARRY4=5 LUT3=1 LUT6=2)
  Clock Path Skew:        -0.023ns (DCD - SCD + CPR)
    Destination Clock Delay (DCD):    4.850ns = ( 14.850 - 10.000 ) 
    Source Clock Delay      (SCD):    5.145ns
    Clock Pessimism Removal (CPR):    0.272ns
  Clock Uncertainty:      0.035ns  ((TSJ^2 + TIJ^2)^1/2 + DJ) / 2 + PE
    Total System Jitter     (TSJ):    0.071ns
    Total Input Jitter      (TIJ):    0.000ns
    Discrete Jitter          (DJ):    0.000ns
    Phase Error              (PE):    0.000ns

    Location             Delay type                Incr(ns)  Path(ns)    Netlist Resource(s)
  -------------------------------------------------------------------    -------------------
                         (clock sys_clk_pin rise edge)
                                                      0.000     0.000 r  
    W5                                                0.000     0.000 r  clk (IN)
                         net (fo=0)                   0.000     0.000    clk
    W5                   IBUF (Prop_ibuf_I_O)         1.458     1.458 r  clk_IBUF_inst/O
                         net (fo=1, routed)           1.967     3.425    clk_IBUF
    BUFGCTRL_X0Y0        BUFG (Prop_bufg_I_O)         0.096     3.521 r  clk_IBUF_BUFG_inst/O
                         net (fo=259, routed)         1.624     5.145    C0/clk_IBUF_BUFG
    SLICE_X58Y91         FDRE                                         r  C0/temp_data_reg[1]/C
  -------------------------------------------------------------------    -------------------
    SLICE_X58Y91         FDRE (Prop_fdre_C_Q)         0.456     5.601 f  C0/temp_data_reg[1]/Q
                         net (fo=4, routed)           0.964     6.565    C0/temp_data[1]
    SLICE_X57Y92         LUT6 (Prop_lut6_I1_O)        0.124     6.689 r  C0/tmpSR[3]_i_43/O
                         net (fo=1, routed)           0.627     7.316    C0/tmpSR[3]_i_43_n_0
    SLICE_X61Y92         CARRY4 (Prop_carry4_S[0]_CO[3])
                                                      0.656     7.972 r  C0/tmpSR_reg[3]_i_28/CO[3]
                         net (fo=1, routed)           0.000     7.972    C0/tmpSR_reg[3]_i_28_n_0
    SLICE_X61Y93         CARRY4 (Prop_carry4_CI_O[0])
                                                      0.222     8.194 r  C0/tmpSR_reg[3]_i_21/O[0]
                         net (fo=3, routed)           0.836     9.029    C0/unsigned_data0[4]
    SLICE_X58Y93         LUT3 (Prop_lut3_I0_O)        0.299     9.328 r  C0/tmpSR[3]_i_22/O
                         net (fo=1, routed)           0.520     9.849    C0/C2/A[5]
    SLICE_X59Y92         CARRY4 (Prop_carry4_DI[3]_CO[3])
                                                      0.385    10.234 r  C0/tmpSR_reg[3]_i_12/CO[3]
                         net (fo=1, routed)           0.000    10.234    C0/tmpSR_reg[3]_i_12_n_0
    SLICE_X59Y93         CARRY4 (Prop_carry4_CI_CO[3])
                                                      0.114    10.348 r  C0/tmpSR_reg[3]_i_3/CO[3]
                         net (fo=1, routed)           0.000    10.348    C0/tmpSR_reg[3]_i_3_n_0
    SLICE_X59Y94         CARRY4 (Prop_carry4_CI_O[1])
                                                      0.334    10.682 r  C0/tmpSR_reg[3]_i_2/O[1]
                         net (fo=1, routed)           0.442    11.124    C2/C0/BtoBCD/temp0[1]
    SLICE_X59Y97         LUT6 (Prop_lut6_I3_O)        0.303    11.427 r  C2/C0/BtoBCD/tmpSR[1]_i_1/O
                         net (fo=1, routed)           0.000    11.427    C2/C0/BtoBCD/tmpSR[1]
    SLICE_X59Y97         FDRE                                         r  C2/C0/BtoBCD/tmpSR_reg[1]/D
  -------------------------------------------------------------------    -------------------

                         (clock sys_clk_pin rise edge)
                                                     10.000    10.000 r  
    W5                                                0.000    10.000 r  clk (IN)
                         net (fo=0)                   0.000    10.000    clk
    W5                   IBUF (Prop_ibuf_I_O)         1.388    11.388 r  clk_IBUF_inst/O
                         net (fo=1, routed)           1.862    13.250    clk_IBUF
    BUFGCTRL_X0Y0        BUFG (Prop_bufg_I_O)         0.091    13.341 r  clk_IBUF_BUFG_inst/O
                         net (fo=259, routed)         1.509    14.850    C2/C0/BtoBCD/clk_IBUF_BUFG
    SLICE_X59Y97         FDRE                                         r  C2/C0/BtoBCD/tmpSR_reg[1]/C
                         clock pessimism              0.272    15.122    
                         clock uncertainty           -0.035    15.087    
    SLICE_X59Y97         FDRE (Setup_fdre_C_D)        0.029    15.116    C2/C0/BtoBCD/tmpSR_reg[1]
  -------------------------------------------------------------------
                         required time                         15.116    
                         arrival time                         -11.427    
  -------------------------------------------------------------------
                         slack                                  3.689    

Slack (MET) :             3.690ns  (required time - arrival time)
  Source:                 C0/temp_data_reg[1]/C
                            (rising edge-triggered cell FDRE clocked by sys_clk_pin  {rise@0.000ns fall@5.000ns period=10.000ns})
  Destination:            C2/C0/BtoBCD/tmpSR_reg[6]/D
                            (rising edge-triggered cell FDRE clocked by sys_clk_pin  {rise@0.000ns fall@5.000ns period=10.000ns})
  Path Group:             sys_clk_pin
  Path Type:              Setup (Max at Slow Process Corner)
  Requirement:            10.000ns  (sys_clk_pin rise@10.000ns - sys_clk_pin rise@0.000ns)
  Data Path Delay:        6.279ns  (logic 2.911ns (46.358%)  route 3.368ns (53.642%))
  Logic Levels:           9  (CARRY4=6 LUT3=1 LUT6=2)
  Clock Path Skew:        -0.024ns (DCD - SCD + CPR)
    Destination Clock Delay (DCD):    4.849ns = ( 14.849 - 10.000 ) 
    Source Clock Delay      (SCD):    5.145ns
    Clock Pessimism Removal (CPR):    0.272ns
  Clock Uncertainty:      0.035ns  ((TSJ^2 + TIJ^2)^1/2 + DJ) / 2 + PE
    Total System Jitter     (TSJ):    0.071ns
    Total Input Jitter      (TIJ):    0.000ns
    Discrete Jitter          (DJ):    0.000ns
    Phase Error              (PE):    0.000ns

    Location             Delay type                Incr(ns)  Path(ns)    Netlist Resource(s)
  -------------------------------------------------------------------    -------------------
                         (clock sys_clk_pin rise edge)
                                                      0.000     0.000 r  
    W5                                                0.000     0.000 r  clk (IN)
                         net (fo=0)                   0.000     0.000    clk
    W5                   IBUF (Prop_ibuf_I_O)         1.458     1.458 r  clk_IBUF_inst/O
                         net (fo=1, routed)           1.967     3.425    clk_IBUF
    BUFGCTRL_X0Y0        BUFG (Prop_bufg_I_O)         0.096     3.521 r  clk_IBUF_BUFG_inst/O
                         net (fo=259, routed)         1.624     5.145    C0/clk_IBUF_BUFG
    SLICE_X58Y91         FDRE                                         r  C0/temp_data_reg[1]/C
  -------------------------------------------------------------------    -------------------
    SLICE_X58Y91         FDRE (Prop_fdre_C_Q)         0.456     5.601 f  C0/temp_data_reg[1]/Q
                         net (fo=4, routed)           0.964     6.565    C0/temp_data[1]
    SLICE_X57Y92         LUT6 (Prop_lut6_I1_O)        0.124     6.689 r  C0/tmpSR[3]_i_43/O
                         net (fo=1, routed)           0.627     7.316    C0/tmpSR[3]_i_43_n_0
    SLICE_X61Y92         CARRY4 (Prop_carry4_S[0]_CO[3])
                                                      0.656     7.972 r  C0/tmpSR_reg[3]_i_28/CO[3]
                         net (fo=1, routed)           0.000     7.972    C0/tmpSR_reg[3]_i_28_n_0
    SLICE_X61Y93         CARRY4 (Prop_carry4_CI_O[0])
                                                      0.222     8.194 r  C0/tmpSR_reg[3]_i_21/O[0]
                         net (fo=3, routed)           0.836     9.029    C0/unsigned_data0[4]
    SLICE_X58Y93         LUT3 (Prop_lut3_I0_O)        0.299     9.328 r  C0/tmpSR[3]_i_22/O
                         net (fo=1, routed)           0.520     9.849    C0/C2/A[5]
    SLICE_X59Y92         CARRY4 (Prop_carry4_DI[3]_CO[3])
                                                      0.385    10.234 r  C0/tmpSR_reg[3]_i_12/CO[3]
                         net (fo=1, routed)           0.000    10.234    C0/tmpSR_reg[3]_i_12_n_0
    SLICE_X59Y93         CARRY4 (Prop_carry4_CI_CO[3])
                                                      0.114    10.348 r  C0/tmpSR_reg[3]_i_3/CO[3]
                         net (fo=1, routed)           0.000    10.348    C0/tmpSR_reg[3]_i_3_n_0
    SLICE_X59Y94         CARRY4 (Prop_carry4_CI_CO[3])
                                                      0.114    10.462 r  C0/tmpSR_reg[3]_i_2/CO[3]
                         net (fo=1, routed)           0.000    10.462    C0/tmpSR_reg[3]_i_2_n_0
    SLICE_X59Y95         CARRY4 (Prop_carry4_CI_O[2])
                                                      0.239    10.701 r  C0/tmpSR_reg[7]_i_2/O[2]
                         net (fo=1, routed)           0.421    11.122    C2/C0/BtoBCD/temp0[6]
    SLICE_X58Y96         LUT6 (Prop_lut6_I3_O)        0.302    11.424 r  C2/C0/BtoBCD/tmpSR[6]_i_1/O
                         net (fo=1, routed)           0.000    11.424    C2/C0/BtoBCD/tmpSR[6]
    SLICE_X58Y96         FDRE                                         r  C2/C0/BtoBCD/tmpSR_reg[6]/D
  -------------------------------------------------------------------    -------------------

                         (clock sys_clk_pin rise edge)
                                                     10.000    10.000 r  
    W5                                                0.000    10.000 r  clk (IN)
                         net (fo=0)                   0.000    10.000    clk
    W5                   IBUF (Prop_ibuf_I_O)         1.388    11.388 r  clk_IBUF_inst/O
                         net (fo=1, routed)           1.862    13.250    clk_IBUF
    BUFGCTRL_X0Y0        BUFG (Prop_bufg_I_O)         0.091    13.341 r  clk_IBUF_BUFG_inst/O
                         net (fo=259, routed)         1.508    14.849    C2/C0/BtoBCD/clk_IBUF_BUFG
    SLICE_X58Y96         FDRE                                         r  C2/C0/BtoBCD/tmpSR_reg[6]/C
                         clock pessimism              0.272    15.121    
                         clock uncertainty           -0.035    15.086    
    SLICE_X58Y96         FDRE (Setup_fdre_C_D)        0.029    15.115    C2/C0/BtoBCD/tmpSR_reg[6]
  -------------------------------------------------------------------
                         required time                         15.115    
                         arrival time                         -11.424    
  -------------------------------------------------------------------
                         slack                                  3.690    

Slack (MET) :             3.711ns  (required time - arrival time)
  Source:                 C0/temp_data_reg[1]/C
                            (rising edge-triggered cell FDRE clocked by sys_clk_pin  {rise@0.000ns fall@5.000ns period=10.000ns})
  Destination:            C2/C0/BtoBCD/tmpSR_reg[3]/D
                            (rising edge-triggered cell FDRE clocked by sys_clk_pin  {rise@0.000ns fall@5.000ns period=10.000ns})
  Path Group:             sys_clk_pin
  Path Type:              Setup (Max at Slow Process Corner)
  Requirement:            10.000ns  (sys_clk_pin rise@10.000ns - sys_clk_pin rise@0.000ns)
  Data Path Delay:        6.261ns  (logic 2.875ns (45.918%)  route 3.386ns (54.082%))
  Logic Levels:           8  (CARRY4=5 LUT3=1 LUT6=2)
  Clock Path Skew:        -0.024ns (DCD - SCD + CPR)
    Destination Clock Delay (DCD):    4.849ns = ( 14.849 - 10.000 ) 
    Source Clock Delay      (SCD):    5.145ns
    Clock Pessimism Removal (CPR):    0.272ns
  Clock Uncertainty:      0.035ns  ((TSJ^2 + TIJ^2)^1/2 + DJ) / 2 + PE
    Total System Jitter     (TSJ):    0.071ns
    Total Input Jitter      (TIJ):    0.000ns
    Discrete Jitter          (DJ):    0.000ns
    Phase Error              (PE):    0.000ns

    Location             Delay type                Incr(ns)  Path(ns)    Netlist Resource(s)
  -------------------------------------------------------------------    -------------------
                         (clock sys_clk_pin rise edge)
                                                      0.000     0.000 r  
    W5                                                0.000     0.000 r  clk (IN)
                         net (fo=0)                   0.000     0.000    clk
    W5                   IBUF (Prop_ibuf_I_O)         1.458     1.458 r  clk_IBUF_inst/O
                         net (fo=1, routed)           1.967     3.425    clk_IBUF
    BUFGCTRL_X0Y0        BUFG (Prop_bufg_I_O)         0.096     3.521 r  clk_IBUF_BUFG_inst/O
                         net (fo=259, routed)         1.624     5.145    C0/clk_IBUF_BUFG
    SLICE_X58Y91         FDRE                                         r  C0/temp_data_reg[1]/C
  -------------------------------------------------------------------    -------------------
    SLICE_X58Y91         FDRE (Prop_fdre_C_Q)         0.456     5.601 f  C0/temp_data_reg[1]/Q
                         net (fo=4, routed)           0.964     6.565    C0/temp_data[1]
    SLICE_X57Y92         LUT6 (Prop_lut6_I1_O)        0.124     6.689 r  C0/tmpSR[3]_i_43/O
                         net (fo=1, routed)           0.627     7.316    C0/tmpSR[3]_i_43_n_0
    SLICE_X61Y92         CARRY4 (Prop_carry4_S[0]_CO[3])
                                                      0.656     7.972 r  C0/tmpSR_reg[3]_i_28/CO[3]
                         net (fo=1, routed)           0.000     7.972    C0/tmpSR_reg[3]_i_28_n_0
    SLICE_X61Y93         CARRY4 (Prop_carry4_CI_O[0])
                                                      0.222     8.194 r  C0/tmpSR_reg[3]_i_21/O[0]
                         net (fo=3, routed)           0.836     9.029    C0/unsigned_data0[4]
    SLICE_X58Y93         LUT3 (Prop_lut3_I0_O)        0.299     9.328 r  C0/tmpSR[3]_i_22/O
                         net (fo=1, routed)           0.520     9.849    C0/C2/A[5]
    SLICE_X59Y92         CARRY4 (Prop_carry4_DI[3]_CO[3])
                                                      0.385    10.234 r  C0/tmpSR_reg[3]_i_12/CO[3]
                         net (fo=1, routed)           0.000    10.234    C0/tmpSR_reg[3]_i_12_n_0
    SLICE_X59Y93         CARRY4 (Prop_carry4_CI_CO[3])
                                                      0.114    10.348 r  C0/tmpSR_reg[3]_i_3/CO[3]
                         net (fo=1, routed)           0.000    10.348    C0/tmpSR_reg[3]_i_3_n_0
    SLICE_X59Y94         CARRY4 (Prop_carry4_CI_O[3])
                                                      0.313    10.661 r  C0/tmpSR_reg[3]_i_2/O[3]
                         net (fo=1, routed)           0.439    11.100    C2/C0/BtoBCD/temp0[3]
    SLICE_X58Y95         LUT6 (Prop_lut6_I3_O)        0.306    11.406 r  C2/C0/BtoBCD/tmpSR[3]_i_1/O
                         net (fo=1, routed)           0.000    11.406    C2/C0/BtoBCD/tmpSR[3]
    SLICE_X58Y95         FDRE                                         r  C2/C0/BtoBCD/tmpSR_reg[3]/D
  -------------------------------------------------------------------    -------------------

                         (clock sys_clk_pin rise edge)
                                                     10.000    10.000 r  
    W5                                                0.000    10.000 r  clk (IN)
                         net (fo=0)                   0.000    10.000    clk
    W5                   IBUF (Prop_ibuf_I_O)         1.388    11.388 r  clk_IBUF_inst/O
                         net (fo=1, routed)           1.862    13.250    clk_IBUF
    BUFGCTRL_X0Y0        BUFG (Prop_bufg_I_O)         0.091    13.341 r  clk_IBUF_BUFG_inst/O
                         net (fo=259, routed)         1.508    14.849    C2/C0/BtoBCD/clk_IBUF_BUFG
    SLICE_X58Y95         FDRE                                         r  C2/C0/BtoBCD/tmpSR_reg[3]/C
                         clock pessimism              0.272    15.121    
                         clock uncertainty           -0.035    15.086    
    SLICE_X58Y95         FDRE (Setup_fdre_C_D)        0.031    15.117    C2/C0/BtoBCD/tmpSR_reg[3]
  -------------------------------------------------------------------
                         required time                         15.117    
                         arrival time                         -11.406    
  -------------------------------------------------------------------
                         slack                                  3.711    

Slack (MET) :             3.725ns  (required time - arrival time)
  Source:                 C0/temp_data_reg[1]/C
                            (rising edge-triggered cell FDRE clocked by sys_clk_pin  {rise@0.000ns fall@5.000ns period=10.000ns})
  Destination:            C2/C0/BtoBCD/tmpSR_reg[8]/D
                            (rising edge-triggered cell FDRE clocked by sys_clk_pin  {rise@0.000ns fall@5.000ns period=10.000ns})
  Path Group:             sys_clk_pin
  Path Type:              Setup (Max at Slow Process Corner)
  Requirement:            10.000ns  (sys_clk_pin rise@10.000ns - sys_clk_pin rise@0.000ns)
  Data Path Delay:        6.248ns  (logic 3.005ns (48.097%)  route 3.243ns (51.903%))
  Logic Levels:           10  (CARRY4=7 LUT3=1 LUT6=2)
  Clock Path Skew:        -0.023ns (DCD - SCD + CPR)
    Destination Clock Delay (DCD):    4.850ns = ( 14.850 - 10.000 ) 
    Source Clock Delay      (SCD):    5.145ns
    Clock Pessimism Removal (CPR):    0.272ns
  Clock Uncertainty:      0.035ns  ((TSJ^2 + TIJ^2)^1/2 + DJ) / 2 + PE
    Total System Jitter     (TSJ):    0.071ns
    Total Input Jitter      (TIJ):    0.000ns
    Discrete Jitter          (DJ):    0.000ns
    Phase Error              (PE):    0.000ns

    Location             Delay type                Incr(ns)  Path(ns)    Netlist Resource(s)
  -------------------------------------------------------------------    -------------------
                         (clock sys_clk_pin rise edge)
                                                      0.000     0.000 r  
    W5                                                0.000     0.000 r  clk (IN)
                         net (fo=0)                   0.000     0.000    clk
    W5                   IBUF (Prop_ibuf_I_O)         1.458     1.458 r  clk_IBUF_inst/O
                         net (fo=1, routed)           1.967     3.425    clk_IBUF
    BUFGCTRL_X0Y0        BUFG (Prop_bufg_I_O)         0.096     3.521 r  clk_IBUF_BUFG_inst/O
                         net (fo=259, routed)         1.624     5.145    C0/clk_IBUF_BUFG
    SLICE_X58Y91         FDRE                                         r  C0/temp_data_reg[1]/C
  -------------------------------------------------------------------    -------------------
    SLICE_X58Y91         FDRE (Prop_fdre_C_Q)         0.456     5.601 f  C0/temp_data_reg[1]/Q
                         net (fo=4, routed)           0.964     6.565    C0/temp_data[1]
    SLICE_X57Y92         LUT6 (Prop_lut6_I1_O)        0.124     6.689 r  C0/tmpSR[3]_i_43/O
                         net (fo=1, routed)           0.627     7.316    C0/tmpSR[3]_i_43_n_0
    SLICE_X61Y92         CARRY4 (Prop_carry4_S[0]_CO[3])
                                                      0.656     7.972 r  C0/tmpSR_reg[3]_i_28/CO[3]
                         net (fo=1, routed)           0.000     7.972    C0/tmpSR_reg[3]_i_28_n_0
    SLICE_X61Y93         CARRY4 (Prop_carry4_CI_O[0])
                                                      0.222     8.194 r  C0/tmpSR_reg[3]_i_21/O[0]
                         net (fo=3, routed)           0.836     9.029    C0/unsigned_data0[4]
    SLICE_X58Y93         LUT3 (Prop_lut3_I0_O)        0.299     9.328 r  C0/tmpSR[3]_i_22/O
                         net (fo=1, routed)           0.520     9.849    C0/C2/A[5]
    SLICE_X59Y92         CARRY4 (Prop_carry4_DI[3]_CO[3])
                                                      0.385    10.234 r  C0/tmpSR_reg[3]_i_12/CO[3]
                         net (fo=1, routed)           0.000    10.234    C0/tmpSR_reg[3]_i_12_n_0
    SLICE_X59Y93         CARRY4 (Prop_carry4_CI_CO[3])
                                                      0.114    10.348 r  C0/tmpSR_reg[3]_i_3/CO[3]
                         net (fo=1, routed)           0.000    10.348    C0/tmpSR_reg[3]_i_3_n_0
    SLICE_X59Y94         CARRY4 (Prop_carry4_CI_CO[3])
                                                      0.114    10.462 r  C0/tmpSR_reg[3]_i_2/CO[3]
                         net (fo=1, routed)           0.000    10.462    C0/tmpSR_reg[3]_i_2_n_0
    SLICE_X59Y95         CARRY4 (Prop_carry4_CI_CO[3])
                                                      0.114    10.576 r  C0/tmpSR_reg[7]_i_2/CO[3]
                         net (fo=1, routed)           0.000    10.576    C0/tmpSR_reg[7]_i_2_n_0
    SLICE_X59Y96         CARRY4 (Prop_carry4_CI_O[0])
                                                      0.222    10.798 r  C0/tmpSR_reg[9]_i_4/O[0]
                         net (fo=1, routed)           0.296    11.094    C2/C0/BtoBCD/temp0[8]
    SLICE_X59Y97         LUT6 (Prop_lut6_I3_O)        0.299    11.393 r  C2/C0/BtoBCD/tmpSR[8]_i_1/O
                         net (fo=1, routed)           0.000    11.393    C2/C0/BtoBCD/tmpSR[8]
    SLICE_X59Y97         FDRE                                         r  C2/C0/BtoBCD/tmpSR_reg[8]/D
  -------------------------------------------------------------------    -------------------

                         (clock sys_clk_pin rise edge)
                                                     10.000    10.000 r  
    W5                                                0.000    10.000 r  clk (IN)
                         net (fo=0)                   0.000    10.000    clk
    W5                   IBUF (Prop_ibuf_I_O)         1.388    11.388 r  clk_IBUF_inst/O
                         net (fo=1, routed)           1.862    13.250    clk_IBUF
    BUFGCTRL_X0Y0        BUFG (Prop_bufg_I_O)         0.091    13.341 r  clk_IBUF_BUFG_inst/O
                         net (fo=259, routed)         1.509    14.850    C2/C0/BtoBCD/clk_IBUF_BUFG
    SLICE_X59Y97         FDRE                                         r  C2/C0/BtoBCD/tmpSR_reg[8]/C
                         clock pessimism              0.272    15.122    
                         clock uncertainty           -0.035    15.087    
    SLICE_X59Y97         FDRE (Setup_fdre_C_D)        0.031    15.118    C2/C0/BtoBCD/tmpSR_reg[8]
  -------------------------------------------------------------------
                         required time                         15.118    
                         arrival time                         -11.393    
  -------------------------------------------------------------------
                         slack                                  3.725    

Slack (MET) :             3.783ns  (required time - arrival time)
  Source:                 C0/temp_data_reg[1]/C
                            (rising edge-triggered cell FDRE clocked by sys_clk_pin  {rise@0.000ns fall@5.000ns period=10.000ns})
  Destination:            C2/C0/BtoBCD/tmpSR_reg[4]/D
                            (rising edge-triggered cell FDRE clocked by sys_clk_pin  {rise@0.000ns fall@5.000ns period=10.000ns})
  Path Group:             sys_clk_pin
  Path Type:              Setup (Max at Slow Process Corner)
  Requirement:            10.000ns  (sys_clk_pin rise@10.000ns - sys_clk_pin rise@0.000ns)
  Data Path Delay:        6.189ns  (logic 2.891ns (46.713%)  route 3.298ns (53.287%))
  Logic Levels:           9  (CARRY4=6 LUT3=1 LUT6=2)
  Clock Path Skew:        -0.024ns (DCD - SCD + CPR)
    Destination Clock Delay (DCD):    4.849ns = ( 14.849 - 10.000 ) 
    Source Clock Delay      (SCD):    5.145ns
    Clock Pessimism Removal (CPR):    0.272ns
  Clock Uncertainty:      0.035ns  ((TSJ^2 + TIJ^2)^1/2 + DJ) / 2 + PE
    Total System Jitter     (TSJ):    0.071ns
    Total Input Jitter      (TIJ):    0.000ns
    Discrete Jitter          (DJ):    0.000ns
    Phase Error              (PE):    0.000ns

    Location             Delay type                Incr(ns)  Path(ns)    Netlist Resource(s)
  -------------------------------------------------------------------    -------------------
                         (clock sys_clk_pin rise edge)
                                                      0.000     0.000 r  
    W5                                                0.000     0.000 r  clk (IN)
                         net (fo=0)                   0.000     0.000    clk
    W5                   IBUF (Prop_ibuf_I_O)         1.458     1.458 r  clk_IBUF_inst/O
                         net (fo=1, routed)           1.967     3.425    clk_IBUF
    BUFGCTRL_X0Y0        BUFG (Prop_bufg_I_O)         0.096     3.521 r  clk_IBUF_BUFG_inst/O
                         net (fo=259, routed)         1.624     5.145    C0/clk_IBUF_BUFG
    SLICE_X58Y91         FDRE                                         r  C0/temp_data_reg[1]/C
  -------------------------------------------------------------------    -------------------
    SLICE_X58Y91         FDRE (Prop_fdre_C_Q)         0.456     5.601 f  C0/temp_data_reg[1]/Q
                         net (fo=4, routed)           0.964     6.565    C0/temp_data[1]
    SLICE_X57Y92         LUT6 (Prop_lut6_I1_O)        0.124     6.689 r  C0/tmpSR[3]_i_43/O
                         net (fo=1, routed)           0.627     7.316    C0/tmpSR[3]_i_43_n_0
    SLICE_X61Y92         CARRY4 (Prop_carry4_S[0]_CO[3])
                                                      0.656     7.972 r  C0/tmpSR_reg[3]_i_28/CO[3]
                         net (fo=1, routed)           0.000     7.972    C0/tmpSR_reg[3]_i_28_n_0
    SLICE_X61Y93         CARRY4 (Prop_carry4_CI_O[0])
                                                      0.222     8.194 r  C0/tmpSR_reg[3]_i_21/O[0]
                         net (fo=3, routed)           0.836     9.029    C0/unsigned_data0[4]
    SLICE_X58Y93         LUT3 (Prop_lut3_I0_O)        0.299     9.328 r  C0/tmpSR[3]_i_22/O
                         net (fo=1, routed)           0.520     9.849    C0/C2/A[5]
    SLICE_X59Y92         CARRY4 (Prop_carry4_DI[3]_CO[3])
                                                      0.385    10.234 r  C0/tmpSR_reg[3]_i_12/CO[3]
                         net (fo=1, routed)           0.000    10.234    C0/tmpSR_reg[3]_i_12_n_0
    SLICE_X59Y93         CARRY4 (Prop_carry4_CI_CO[3])
                                                      0.114    10.348 r  C0/tmpSR_reg[3]_i_3/CO[3]
                         net (fo=1, routed)           0.000    10.348    C0/tmpSR_reg[3]_i_3_n_0
    SLICE_X59Y94         CARRY4 (Prop_carry4_CI_CO[3])
                                                      0.114    10.462 r  C0/tmpSR_reg[3]_i_2/CO[3]
                         net (fo=1, routed)           0.000    10.462    C0/tmpSR_reg[3]_i_2_n_0
    SLICE_X59Y95         CARRY4 (Prop_carry4_CI_O[0])
                                                      0.222    10.684 r  C0/tmpSR_reg[7]_i_2/O[0]
                         net (fo=1, routed)           0.351    11.035    C2/C0/BtoBCD/temp0[4]
    SLICE_X58Y95         LUT6 (Prop_lut6_I3_O)        0.299    11.334 r  C2/C0/BtoBCD/tmpSR[4]_i_1/O
                         net (fo=1, routed)           0.000    11.334    C2/C0/BtoBCD/tmpSR[4]
    SLICE_X58Y95         FDRE                                         r  C2/C0/BtoBCD/tmpSR_reg[4]/D
  -------------------------------------------------------------------    -------------------

                         (clock sys_clk_pin rise edge)
                                                     10.000    10.000 r  
    W5                                                0.000    10.000 r  clk (IN)
                         net (fo=0)                   0.000    10.000    clk
    W5                   IBUF (Prop_ibuf_I_O)         1.388    11.388 r  clk_IBUF_inst/O
                         net (fo=1, routed)           1.862    13.250    clk_IBUF
    BUFGCTRL_X0Y0        BUFG (Prop_bufg_I_O)         0.091    13.341 r  clk_IBUF_BUFG_inst/O
                         net (fo=259, routed)         1.508    14.849    C2/C0/BtoBCD/clk_IBUF_BUFG
    SLICE_X58Y95         FDRE                                         r  C2/C0/BtoBCD/tmpSR_reg[4]/C
                         clock pessimism              0.272    15.121    
                         clock uncertainty           -0.035    15.086    
    SLICE_X58Y95         FDRE (Setup_fdre_C_D)        0.031    15.117    C2/C0/BtoBCD/tmpSR_reg[4]
  -------------------------------------------------------------------
                         required time                         15.117    
                         arrival time                         -11.334    
  -------------------------------------------------------------------
                         slack                                  3.783    

Slack (MET) :             3.804ns  (required time - arrival time)
  Source:                 C0/temp_data_reg[1]/C
                            (rising edge-triggered cell FDRE clocked by sys_clk_pin  {rise@0.000ns fall@5.000ns period=10.000ns})
  Destination:            C2/C0/BtoBCD/tmpSR_reg[2]/D
                            (rising edge-triggered cell FDRE clocked by sys_clk_pin  {rise@0.000ns fall@5.000ns period=10.000ns})
  Path Group:             sys_clk_pin
  Path Type:              Setup (Max at Slow Process Corner)
  Requirement:            10.000ns  (sys_clk_pin rise@10.000ns - sys_clk_pin rise@0.000ns)
  Data Path Delay:        6.165ns  (logic 2.797ns (45.367%)  route 3.368ns (54.633%))
  Logic Levels:           8  (CARRY4=5 LUT3=1 LUT6=2)
  Clock Path Skew:        -0.024ns (DCD - SCD + CPR)
    Destination Clock Delay (DCD):    4.849ns = ( 14.849 - 10.000 ) 
    Source Clock Delay      (SCD):    5.145ns
    Clock Pessimism Removal (CPR):    0.272ns
  Clock Uncertainty:      0.035ns  ((TSJ^2 + TIJ^2)^1/2 + DJ) / 2 + PE
    Total System Jitter     (TSJ):    0.071ns
    Total Input Jitter      (TIJ):    0.000ns
    Discrete Jitter          (DJ):    0.000ns
    Phase Error              (PE):    0.000ns

    Location             Delay type                Incr(ns)  Path(ns)    Netlist Resource(s)
  -------------------------------------------------------------------    -------------------
                         (clock sys_clk_pin rise edge)
                                                      0.000     0.000 r  
    W5                                                0.000     0.000 r  clk (IN)
                         net (fo=0)                   0.000     0.000    clk
    W5                   IBUF (Prop_ibuf_I_O)         1.458     1.458 r  clk_IBUF_inst/O
                         net (fo=1, routed)           1.967     3.425    clk_IBUF
    BUFGCTRL_X0Y0        BUFG (Prop_bufg_I_O)         0.096     3.521 r  clk_IBUF_BUFG_inst/O
                         net (fo=259, routed)         1.624     5.145    C0/clk_IBUF_BUFG
    SLICE_X58Y91         FDRE                                         r  C0/temp_data_reg[1]/C
  -------------------------------------------------------------------    -------------------
    SLICE_X58Y91         FDRE (Prop_fdre_C_Q)         0.456     5.601 f  C0/temp_data_reg[1]/Q
                         net (fo=4, routed)           0.964     6.565    C0/temp_data[1]
    SLICE_X57Y92         LUT6 (Prop_lut6_I1_O)        0.124     6.689 r  C0/tmpSR[3]_i_43/O
                         net (fo=1, routed)           0.627     7.316    C0/tmpSR[3]_i_43_n_0
    SLICE_X61Y92         CARRY4 (Prop_carry4_S[0]_CO[3])
                                                      0.656     7.972 r  C0/tmpSR_reg[3]_i_28/CO[3]
                         net (fo=1, routed)           0.000     7.972    C0/tmpSR_reg[3]_i_28_n_0
    SLICE_X61Y93         CARRY4 (Prop_carry4_CI_O[0])
                                                      0.222     8.194 r  C0/tmpSR_reg[3]_i_21/O[0]
                         net (fo=3, routed)           0.836     9.029    C0/unsigned_data0[4]
    SLICE_X58Y93         LUT3 (Prop_lut3_I0_O)        0.299     9.328 r  C0/tmpSR[3]_i_22/O
                         net (fo=1, routed)           0.520     9.849    C0/C2/A[5]
    SLICE_X59Y92         CARRY4 (Prop_carry4_DI[3]_CO[3])
                                                      0.385    10.234 r  C0/tmpSR_reg[3]_i_12/CO[3]
                         net (fo=1, routed)           0.000    10.234    C0/tmpSR_reg[3]_i_12_n_0
    SLICE_X59Y93         CARRY4 (Prop_carry4_CI_CO[3])
                                                      0.114    10.348 r  C0/tmpSR_reg[3]_i_3/CO[3]
                         net (fo=1, routed)           0.000    10.348    C0/tmpSR_reg[3]_i_3_n_0
    SLICE_X59Y94         CARRY4 (Prop_carry4_CI_O[2])
                                                      0.239    10.587 r  C0/tmpSR_reg[3]_i_2/O[2]
                         net (fo=1, routed)           0.421    11.008    C2/C0/BtoBCD/temp0[2]
    SLICE_X58Y95         LUT6 (Prop_lut6_I3_O)        0.302    11.310 r  C2/C0/BtoBCD/tmpSR[2]_i_1/O
                         net (fo=1, routed)           0.000    11.310    C2/C0/BtoBCD/tmpSR[2]
    SLICE_X58Y95         FDRE                                         r  C2/C0/BtoBCD/tmpSR_reg[2]/D
  -------------------------------------------------------------------    -------------------

                         (clock sys_clk_pin rise edge)
                                                     10.000    10.000 r  
    W5                                                0.000    10.000 r  clk (IN)
                         net (fo=0)                   0.000    10.000    clk
    W5                   IBUF (Prop_ibuf_I_O)         1.388    11.388 r  clk_IBUF_inst/O
                         net (fo=1, routed)           1.862    13.250    clk_IBUF
    BUFGCTRL_X0Y0        BUFG (Prop_bufg_I_O)         0.091    13.341 r  clk_IBUF_BUFG_inst/O
                         net (fo=259, routed)         1.508    14.849    C2/C0/BtoBCD/clk_IBUF_BUFG
    SLICE_X58Y95         FDRE                                         r  C2/C0/BtoBCD/tmpSR_reg[2]/C
                         clock pessimism              0.272    15.121    
                         clock uncertainty           -0.035    15.086    
    SLICE_X58Y95         FDRE (Setup_fdre_C_D)        0.029    15.115    C2/C0/BtoBCD/tmpSR_reg[2]
  -------------------------------------------------------------------
                         required time                         15.115    
                         arrival time                         -11.310    
  -------------------------------------------------------------------
                         slack                                  3.804    





Min Delay Paths
--------------------------------------------------------------------------------------
Slack (MET) :             0.152ns  (arrival time - required time)
  Source:                 C0/axis_data_reg[47]/C
                            (rising edge-triggered cell FDRE clocked by sys_clk_pin  {rise@0.000ns fall@5.000ns period=10.000ns})
  Destination:            C0/z_axis_data_reg[15]/D
                            (rising edge-triggered cell FDRE clocked by sys_clk_pin  {rise@0.000ns fall@5.000ns period=10.000ns})
  Path Group:             sys_clk_pin
  Path Type:              Hold (Min at Fast Process Corner)
  Requirement:            0.000ns  (sys_clk_pin rise@0.000ns - sys_clk_pin rise@0.000ns)
  Data Path Delay:        0.187ns  (logic 0.128ns (68.470%)  route 0.059ns (31.530%))
  Logic Levels:           0  
  Clock Path Skew:        0.013ns (DCD - SCD - CPR)
    Destination Clock Delay (DCD):    1.991ns
    Source Clock Delay      (SCD):    1.476ns
    Clock Pessimism Removal (CPR):    0.502ns

    Location             Delay type                Incr(ns)  Path(ns)    Netlist Resource(s)
  -------------------------------------------------------------------    -------------------
                         (clock sys_clk_pin rise edge)
                                                      0.000     0.000 r  
    W5                                                0.000     0.000 r  clk (IN)
                         net (fo=0)                   0.000     0.000    clk
    W5                   IBUF (Prop_ibuf_I_O)         0.226     0.226 r  clk_IBUF_inst/O
                         net (fo=1, routed)           0.631     0.858    clk_IBUF
    BUFGCTRL_X0Y0        BUFG (Prop_bufg_I_O)         0.026     0.884 r  clk_IBUF_BUFG_inst/O
                         net (fo=259, routed)         0.593     1.476    C0/clk_IBUF_BUFG
    SLICE_X62Y95         FDRE                                         r  C0/axis_data_reg[47]/C
  -------------------------------------------------------------------    -------------------
    SLICE_X62Y95         FDRE (Prop_fdre_C_Q)         0.128     1.604 r  C0/axis_data_reg[47]/Q
                         net (fo=1, routed)           0.059     1.663    C0/axis_data_reg_n_0_[47]
    SLICE_X63Y95         FDRE                                         r  C0/z_axis_data_reg[15]/D
  -------------------------------------------------------------------    -------------------

                         (clock sys_clk_pin rise edge)
                                                      0.000     0.000 r  
    W5                                                0.000     0.000 r  clk (IN)
                         net (fo=0)                   0.000     0.000    clk
    W5                   IBUF (Prop_ibuf_I_O)         0.414     0.414 r  clk_IBUF_inst/O
                         net (fo=1, routed)           0.685     1.099    clk_IBUF
    BUFGCTRL_X0Y0        BUFG (Prop_bufg_I_O)         0.029     1.128 r  clk_IBUF_BUFG_inst/O
                         net (fo=259, routed)         0.863     1.991    C0/clk_IBUF_BUFG
    SLICE_X63Y95         FDRE                                         r  C0/z_axis_data_reg[15]/C
                         clock pessimism             -0.502     1.489    
    SLICE_X63Y95         FDRE (Hold_fdre_C_D)         0.022     1.511    C0/z_axis_data_reg[15]
  -------------------------------------------------------------------
                         required time                         -1.511    
                         arrival time                           1.663    
  -------------------------------------------------------------------
                         slack                                  0.152    

Slack (MET) :             0.152ns  (arrival time - required time)
  Source:                 C1/shift_register_reg[1]/C
                            (rising edge-triggered cell FDRE clocked by sys_clk_pin  {rise@0.000ns fall@5.000ns period=10.000ns})
  Destination:            C1/shift_register_reg[2]/D
                            (rising edge-triggered cell FDRE clocked by sys_clk_pin  {rise@0.000ns fall@5.000ns period=10.000ns})
  Path Group:             sys_clk_pin
  Path Type:              Hold (Min at Fast Process Corner)
  Requirement:            0.000ns  (sys_clk_pin rise@0.000ns - sys_clk_pin rise@0.000ns)
  Data Path Delay:        0.285ns  (logic 0.186ns (65.209%)  route 0.099ns (34.791%))
  Logic Levels:           1  (LUT5=1)
  Clock Path Skew:        0.013ns (DCD - SCD - CPR)
    Destination Clock Delay (DCD):    1.991ns
    Source Clock Delay      (SCD):    1.476ns
    Clock Pessimism Removal (CPR):    0.502ns

    Location             Delay type                Incr(ns)  Path(ns)    Netlist Resource(s)
  -------------------------------------------------------------------    -------------------
                         (clock sys_clk_pin rise edge)
                                                      0.000     0.000 r  
    W5                                                0.000     0.000 r  clk (IN)
                         net (fo=0)                   0.000     0.000    clk
    W5                   IBUF (Prop_ibuf_I_O)         0.226     0.226 r  clk_IBUF_inst/O
                         net (fo=1, routed)           0.631     0.858    clk_IBUF
    BUFGCTRL_X0Y0        BUFG (Prop_bufg_I_O)         0.026     0.884 r  clk_IBUF_BUFG_inst/O
                         net (fo=259, routed)         0.593     1.476    C1/clk_IBUF_BUFG
    SLICE_X65Y94         FDRE                                         r  C1/shift_register_reg[1]/C
  -------------------------------------------------------------------    -------------------
    SLICE_X65Y94         FDRE (Prop_fdre_C_Q)         0.141     1.617 r  C1/shift_register_reg[1]/Q
                         net (fo=2, routed)           0.099     1.716    C1/in9[2]
    SLICE_X64Y94         LUT5 (Prop_lut5_I4_O)        0.045     1.761 r  C1/shift_register[2]_i_1/O
                         net (fo=1, routed)           0.000     1.761    C1/shift_register[2]_i_1_n_0
    SLICE_X64Y94         FDRE                                         r  C1/shift_register_reg[2]/D
  -------------------------------------------------------------------    -------------------

                         (clock sys_clk_pin rise edge)
                                                      0.000     0.000 r  
    W5                                                0.000     0.000 r  clk (IN)
                         net (fo=0)                   0.000     0.000    clk
    W5                   IBUF (Prop_ibuf_I_O)         0.414     0.414 r  clk_IBUF_inst/O
                         net (fo=1, routed)           0.685     1.099    clk_IBUF
    BUFGCTRL_X0Y0        BUFG (Prop_bufg_I_O)         0.029     1.128 r  clk_IBUF_BUFG_inst/O
                         net (fo=259, routed)         0.863     1.991    C1/clk_IBUF_BUFG
    SLICE_X64Y94         FDRE                                         r  C1/shift_register_reg[2]/C
                         clock pessimism             -0.502     1.489    
    SLICE_X64Y94         FDRE (Hold_fdre_C_D)         0.120     1.609    C1/shift_register_reg[2]
  -------------------------------------------------------------------
                         required time                         -1.609    
                         arrival time                           1.761    
  -------------------------------------------------------------------
                         slack                                  0.152    

Slack (MET) :             0.153ns  (arrival time - required time)
  Source:                 C1/shift_register_reg[4]/C
                            (rising edge-triggered cell FDRE clocked by sys_clk_pin  {rise@0.000ns fall@5.000ns period=10.000ns})
  Destination:            C1/shift_register_reg[5]/D
                            (rising edge-triggered cell FDRE clocked by sys_clk_pin  {rise@0.000ns fall@5.000ns period=10.000ns})
  Path Group:             sys_clk_pin
  Path Type:              Hold (Min at Fast Process Corner)
  Requirement:            0.000ns  (sys_clk_pin rise@0.000ns - sys_clk_pin rise@0.000ns)
  Data Path Delay:        0.287ns  (logic 0.186ns (64.755%)  route 0.101ns (35.245%))
  Logic Levels:           1  (LUT5=1)
  Clock Path Skew:        0.013ns (DCD - SCD - CPR)
    Destination Clock Delay (DCD):    1.991ns
    Source Clock Delay      (SCD):    1.476ns
    Clock Pessimism Removal (CPR):    0.502ns

    Location             Delay type                Incr(ns)  Path(ns)    Netlist Resource(s)
  -------------------------------------------------------------------    -------------------
                         (clock sys_clk_pin rise edge)
                                                      0.000     0.000 r  
    W5                                                0.000     0.000 r  clk (IN)
                         net (fo=0)                   0.000     0.000    clk
    W5                   IBUF (Prop_ibuf_I_O)         0.226     0.226 r  clk_IBUF_inst/O
                         net (fo=1, routed)           0.631     0.858    clk_IBUF
    BUFGCTRL_X0Y0        BUFG (Prop_bufg_I_O)         0.026     0.884 r  clk_IBUF_BUFG_inst/O
                         net (fo=259, routed)         0.593     1.476    C1/clk_IBUF_BUFG
    SLICE_X65Y94         FDRE                                         r  C1/shift_register_reg[4]/C
  -------------------------------------------------------------------    -------------------
    SLICE_X65Y94         FDRE (Prop_fdre_C_Q)         0.141     1.617 r  C1/shift_register_reg[4]/Q
                         net (fo=2, routed)           0.101     1.718    C1/in9[5]
    SLICE_X64Y94         LUT5 (Prop_lut5_I4_O)        0.045     1.763 r  C1/shift_register[5]_i_1/O
                         net (fo=1, routed)           0.000     1.763    C1/shift_register[5]_i_1_n_0
    SLICE_X64Y94         FDRE                                         r  C1/shift_register_reg[5]/D
  -------------------------------------------------------------------    -------------------

                         (clock sys_clk_pin rise edge)
                                                      0.000     0.000 r  
    W5                                                0.000     0.000 r  clk (IN)
                         net (fo=0)                   0.000     0.000    clk
    W5                   IBUF (Prop_ibuf_I_O)         0.414     0.414 r  clk_IBUF_inst/O
                         net (fo=1, routed)           0.685     1.099    clk_IBUF
    BUFGCTRL_X0Y0        BUFG (Prop_bufg_I_O)         0.029     1.128 r  clk_IBUF_BUFG_inst/O
                         net (fo=259, routed)         0.863     1.991    C1/clk_IBUF_BUFG
    SLICE_X64Y94         FDRE                                         r  C1/shift_register_reg[5]/C
                         clock pessimism             -0.502     1.489    
    SLICE_X64Y94         FDRE (Hold_fdre_C_D)         0.121     1.610    C1/shift_register_reg[5]
  -------------------------------------------------------------------
                         required time                         -1.610    
                         arrival time                           1.763    
  -------------------------------------------------------------------
                         slack                                  0.153    

Slack (MET) :             0.158ns  (arrival time - required time)
  Source:                 C0/axis_data_reg[45]/C
                            (rising edge-triggered cell FDRE clocked by sys_clk_pin  {rise@0.000ns fall@5.000ns period=10.000ns})
  Destination:            C0/z_axis_data_reg[13]/D
                            (rising edge-triggered cell FDRE clocked by sys_clk_pin  {rise@0.000ns fall@5.000ns period=10.000ns})
  Path Group:             sys_clk_pin
  Path Type:              Hold (Min at Fast Process Corner)
  Requirement:            0.000ns  (sys_clk_pin rise@0.000ns - sys_clk_pin rise@0.000ns)
  Data Path Delay:        0.187ns  (logic 0.128ns (68.397%)  route 0.059ns (31.603%))
  Logic Levels:           0  
  Clock Path Skew:        0.013ns (DCD - SCD - CPR)
    Destination Clock Delay (DCD):    1.991ns
    Source Clock Delay      (SCD):    1.476ns
    Clock Pessimism Removal (CPR):    0.502ns

    Location             Delay type                Incr(ns)  Path(ns)    Netlist Resource(s)
  -------------------------------------------------------------------    -------------------
                         (clock sys_clk_pin rise edge)
                                                      0.000     0.000 r  
    W5                                                0.000     0.000 r  clk (IN)
                         net (fo=0)                   0.000     0.000    clk
    W5                   IBUF (Prop_ibuf_I_O)         0.226     0.226 r  clk_IBUF_inst/O
                         net (fo=1, routed)           0.631     0.858    clk_IBUF
    BUFGCTRL_X0Y0        BUFG (Prop_bufg_I_O)         0.026     0.884 r  clk_IBUF_BUFG_inst/O
                         net (fo=259, routed)         0.593     1.476    C0/clk_IBUF_BUFG
    SLICE_X62Y95         FDRE                                         r  C0/axis_data_reg[45]/C
  -------------------------------------------------------------------    -------------------
    SLICE_X62Y95         FDRE (Prop_fdre_C_Q)         0.128     1.604 r  C0/axis_data_reg[45]/Q
                         net (fo=1, routed)           0.059     1.663    C0/axis_data_reg_n_0_[45]
    SLICE_X63Y95         FDRE                                         r  C0/z_axis_data_reg[13]/D
  -------------------------------------------------------------------    -------------------

                         (clock sys_clk_pin rise edge)
                                                      0.000     0.000 r  
    W5                                                0.000     0.000 r  clk (IN)
                         net (fo=0)                   0.000     0.000    clk
    W5                   IBUF (Prop_ibuf_I_O)         0.414     0.414 r  clk_IBUF_inst/O
                         net (fo=1, routed)           0.685     1.099    clk_IBUF
    BUFGCTRL_X0Y0        BUFG (Prop_bufg_I_O)         0.029     1.128 r  clk_IBUF_BUFG_inst/O
                         net (fo=259, routed)         0.863     1.991    C0/clk_IBUF_BUFG
    SLICE_X63Y95         FDRE                                         r  C0/z_axis_data_reg[13]/C
                         clock pessimism             -0.502     1.489    
    SLICE_X63Y95         FDRE (Hold_fdre_C_D)         0.016     1.505    C0/z_axis_data_reg[13]
  -------------------------------------------------------------------
                         required time                         -1.505    
                         arrival time                           1.663    
  -------------------------------------------------------------------
                         slack                                  0.158    

Slack (MET) :             0.160ns  (arrival time - required time)
  Source:                 C0/axis_data_reg[46]/C
                            (rising edge-triggered cell FDRE clocked by sys_clk_pin  {rise@0.000ns fall@5.000ns period=10.000ns})
  Destination:            C0/z_axis_data_reg[14]/D
                            (rising edge-triggered cell FDRE clocked by sys_clk_pin  {rise@0.000ns fall@5.000ns period=10.000ns})
  Path Group:             sys_clk_pin
  Path Type:              Hold (Min at Fast Process Corner)
  Requirement:            0.000ns  (sys_clk_pin rise@0.000ns - sys_clk_pin rise@0.000ns)
  Data Path Delay:        0.192ns  (logic 0.128ns (66.728%)  route 0.064ns (33.272%))
  Logic Levels:           0  
  Clock Path Skew:        0.013ns (DCD - SCD - CPR)
    Destination Clock Delay (DCD):    1.991ns
    Source Clock Delay      (SCD):    1.476ns
    Clock Pessimism Removal (CPR):    0.502ns

    Location             Delay type                Incr(ns)  Path(ns)    Netlist Resource(s)
  -------------------------------------------------------------------    -------------------
                         (clock sys_clk_pin rise edge)
                                                      0.000     0.000 r  
    W5                                                0.000     0.000 r  clk (IN)
                         net (fo=0)                   0.000     0.000    clk
    W5                   IBUF (Prop_ibuf_I_O)         0.226     0.226 r  clk_IBUF_inst/O
                         net (fo=1, routed)           0.631     0.858    clk_IBUF
    BUFGCTRL_X0Y0        BUFG (Prop_bufg_I_O)         0.026     0.884 r  clk_IBUF_BUFG_inst/O
                         net (fo=259, routed)         0.593     1.476    C0/clk_IBUF_BUFG
    SLICE_X62Y95         FDRE                                         r  C0/axis_data_reg[46]/C
  -------------------------------------------------------------------    -------------------
    SLICE_X62Y95         FDRE (Prop_fdre_C_Q)         0.128     1.604 r  C0/axis_data_reg[46]/Q
                         net (fo=1, routed)           0.064     1.668    C0/axis_data_reg_n_0_[46]
    SLICE_X63Y95         FDRE                                         r  C0/z_axis_data_reg[14]/D
  -------------------------------------------------------------------    -------------------

                         (clock sys_clk_pin rise edge)
                                                      0.000     0.000 r  
    W5                                                0.000     0.000 r  clk (IN)
                         net (fo=0)                   0.000     0.000    clk
    W5                   IBUF (Prop_ibuf_I_O)         0.414     0.414 r  clk_IBUF_inst/O
                         net (fo=1, routed)           0.685     1.099    clk_IBUF
    BUFGCTRL_X0Y0        BUFG (Prop_bufg_I_O)         0.029     1.128 r  clk_IBUF_BUFG_inst/O
                         net (fo=259, routed)         0.863     1.991    C0/clk_IBUF_BUFG
    SLICE_X63Y95         FDRE                                         r  C0/z_axis_data_reg[14]/C
                         clock pessimism             -0.502     1.489    
    SLICE_X63Y95         FDRE (Hold_fdre_C_D)         0.019     1.508    C0/z_axis_data_reg[14]
  -------------------------------------------------------------------
                         required time                         -1.508    
                         arrival time                           1.668    
  -------------------------------------------------------------------
                         slack                                  0.160    

Slack (MET) :             0.167ns  (arrival time - required time)
  Source:                 C0/axis_data_reg[1]/C
                            (rising edge-triggered cell FDRE clocked by sys_clk_pin  {rise@0.000ns fall@5.000ns period=10.000ns})
  Destination:            C0/x_axis_data_reg[1]/D
                            (rising edge-triggered cell FDRE clocked by sys_clk_pin  {rise@0.000ns fall@5.000ns period=10.000ns})
  Path Group:             sys_clk_pin
  Path Type:              Hold (Min at Fast Process Corner)
  Requirement:            0.000ns  (sys_clk_pin rise@0.000ns - sys_clk_pin rise@0.000ns)
  Data Path Delay:        0.253ns  (logic 0.141ns (55.730%)  route 0.112ns (44.270%))
  Logic Levels:           0  
  Clock Path Skew:        0.016ns (DCD - SCD - CPR)
    Destination Clock Delay (DCD):    1.961ns
    Source Clock Delay      (SCD):    1.448ns
    Clock Pessimism Removal (CPR):    0.497ns

    Location             Delay type                Incr(ns)  Path(ns)    Netlist Resource(s)
  -------------------------------------------------------------------    -------------------
                         (clock sys_clk_pin rise edge)
                                                      0.000     0.000 r  
    W5                                                0.000     0.000 r  clk (IN)
                         net (fo=0)                   0.000     0.000    clk
    W5                   IBUF (Prop_ibuf_I_O)         0.226     0.226 r  clk_IBUF_inst/O
                         net (fo=1, routed)           0.631     0.858    clk_IBUF
    BUFGCTRL_X0Y0        BUFG (Prop_bufg_I_O)         0.026     0.884 r  clk_IBUF_BUFG_inst/O
                         net (fo=259, routed)         0.565     1.448    C0/clk_IBUF_BUFG
    SLICE_X57Y91         FDRE                                         r  C0/axis_data_reg[1]/C
  -------------------------------------------------------------------    -------------------
    SLICE_X57Y91         FDRE (Prop_fdre_C_Q)         0.141     1.589 r  C0/axis_data_reg[1]/Q
                         net (fo=1, routed)           0.112     1.701    C0/axis_data_reg_n_0_[1]
    SLICE_X57Y92         FDRE                                         r  C0/x_axis_data_reg[1]/D
  -------------------------------------------------------------------    -------------------

                         (clock sys_clk_pin rise edge)
                                                      0.000     0.000 r  
    W5                                                0.000     0.000 r  clk (IN)
                         net (fo=0)                   0.000     0.000    clk
    W5                   IBUF (Prop_ibuf_I_O)         0.414     0.414 r  clk_IBUF_inst/O
                         net (fo=1, routed)           0.685     1.099    clk_IBUF
    BUFGCTRL_X0Y0        BUFG (Prop_bufg_I_O)         0.029     1.128 r  clk_IBUF_BUFG_inst/O
                         net (fo=259, routed)         0.833     1.961    C0/clk_IBUF_BUFG
    SLICE_X57Y92         FDRE                                         r  C0/x_axis_data_reg[1]/C
                         clock pessimism             -0.497     1.464    
    SLICE_X57Y92         FDRE (Hold_fdre_C_D)         0.070     1.534    C0/x_axis_data_reg[1]
  -------------------------------------------------------------------
                         required time                         -1.534    
                         arrival time                           1.701    
  -------------------------------------------------------------------
                         slack                                  0.167    

Slack (MET) :             0.168ns  (arrival time - required time)
  Source:                 C2/C0/BtoBCD/tmpSR_reg[0]/C
                            (rising edge-triggered cell FDRE clocked by sys_clk_pin  {rise@0.000ns fall@5.000ns period=10.000ns})
  Destination:            C2/C0/BtoBCD/tmpSR_reg[1]/D
                            (rising edge-triggered cell FDRE clocked by sys_clk_pin  {rise@0.000ns fall@5.000ns period=10.000ns})
  Path Group:             sys_clk_pin
  Path Type:              Hold (Min at Fast Process Corner)
  Requirement:            0.000ns  (sys_clk_pin rise@0.000ns - sys_clk_pin rise@0.000ns)
  Data Path Delay:        0.272ns  (logic 0.186ns (68.463%)  route 0.086ns (31.537%))
  Logic Levels:           1  (LUT6=1)
  Clock Path Skew:        0.013ns (DCD - SCD - CPR)
    Destination Clock Delay (DCD):    1.990ns
    Source Clock Delay      (SCD):    1.476ns
    Clock Pessimism Removal (CPR):    0.501ns

    Location             Delay type                Incr(ns)  Path(ns)    Netlist Resource(s)
  -------------------------------------------------------------------    -------------------
                         (clock sys_clk_pin rise edge)
                                                      0.000     0.000 r  
    W5                                                0.000     0.000 r  clk (IN)
                         net (fo=0)                   0.000     0.000    clk
    W5                   IBUF (Prop_ibuf_I_O)         0.226     0.226 r  clk_IBUF_inst/O
                         net (fo=1, routed)           0.631     0.858    clk_IBUF
    BUFGCTRL_X0Y0        BUFG (Prop_bufg_I_O)         0.026     0.884 r  clk_IBUF_BUFG_inst/O
                         net (fo=259, routed)         0.593     1.476    C2/C0/BtoBCD/clk_IBUF_BUFG
    SLICE_X58Y97         FDRE                                         r  C2/C0/BtoBCD/tmpSR_reg[0]/C
  -------------------------------------------------------------------    -------------------
    SLICE_X58Y97         FDRE (Prop_fdre_C_Q)         0.141     1.617 r  C2/C0/BtoBCD/tmpSR_reg[0]/Q
                         net (fo=1, routed)           0.086     1.703    C2/C0/BtoBCD/tmpSR_reg_n_0_[0]
    SLICE_X59Y97         LUT6 (Prop_lut6_I4_O)        0.045     1.748 r  C2/C0/BtoBCD/tmpSR[1]_i_1/O
                         net (fo=1, routed)           0.000     1.748    C2/C0/BtoBCD/tmpSR[1]
    SLICE_X59Y97         FDRE                                         r  C2/C0/BtoBCD/tmpSR_reg[1]/D
  -------------------------------------------------------------------    -------------------

                         (clock sys_clk_pin rise edge)
                                                      0.000     0.000 r  
    W5                                                0.000     0.000 r  clk (IN)
                         net (fo=0)                   0.000     0.000    clk
    W5                   IBUF (Prop_ibuf_I_O)         0.414     0.414 r  clk_IBUF_inst/O
                         net (fo=1, routed)           0.685     1.099    clk_IBUF
    BUFGCTRL_X0Y0        BUFG (Prop_bufg_I_O)         0.029     1.128 r  clk_IBUF_BUFG_inst/O
                         net (fo=259, routed)         0.863     1.990    C2/C0/BtoBCD/clk_IBUF_BUFG
    SLICE_X59Y97         FDRE                                         r  C2/C0/BtoBCD/tmpSR_reg[1]/C
                         clock pessimism             -0.501     1.489    
    SLICE_X59Y97         FDRE (Hold_fdre_C_D)         0.091     1.580    C2/C0/BtoBCD/tmpSR_reg[1]
  -------------------------------------------------------------------
                         required time                         -1.580    
                         arrival time                           1.748    
  -------------------------------------------------------------------
                         slack                                  0.168    

Slack (MET) :             0.168ns  (arrival time - required time)
  Source:                 C0/axis_data_reg[33]/C
                            (rising edge-triggered cell FDRE clocked by sys_clk_pin  {rise@0.000ns fall@5.000ns period=10.000ns})
  Destination:            C0/z_axis_data_reg[1]/D
                            (rising edge-triggered cell FDRE clocked by sys_clk_pin  {rise@0.000ns fall@5.000ns period=10.000ns})
  Path Group:             sys_clk_pin
  Path Type:              Hold (Min at Fast Process Corner)
  Requirement:            0.000ns  (sys_clk_pin rise@0.000ns - sys_clk_pin rise@0.000ns)
  Data Path Delay:        0.253ns  (logic 0.141ns (55.730%)  route 0.112ns (44.270%))
  Logic Levels:           0  
  Clock Path Skew:        0.015ns (DCD - SCD - CPR)
    Destination Clock Delay (DCD):    1.961ns
    Source Clock Delay      (SCD):    1.449ns
    Clock Pessimism Removal (CPR):    0.497ns

    Location             Delay type                Incr(ns)  Path(ns)    Netlist Resource(s)
  -------------------------------------------------------------------    -------------------
                         (clock sys_clk_pin rise edge)
                                                      0.000     0.000 r  
    W5                                                0.000     0.000 r  clk (IN)
                         net (fo=0)                   0.000     0.000    clk
    W5                   IBUF (Prop_ibuf_I_O)         0.226     0.226 r  clk_IBUF_inst/O
                         net (fo=1, routed)           0.631     0.858    clk_IBUF
    BUFGCTRL_X0Y0        BUFG (Prop_bufg_I_O)         0.026     0.884 r  clk_IBUF_BUFG_inst/O
                         net (fo=259, routed)         0.566     1.449    C0/clk_IBUF_BUFG
    SLICE_X57Y93         FDRE                                         r  C0/axis_data_reg[33]/C
  -------------------------------------------------------------------    -------------------
    SLICE_X57Y93         FDRE (Prop_fdre_C_Q)         0.141     1.590 r  C0/axis_data_reg[33]/Q
                         net (fo=1, routed)           0.112     1.702    C0/axis_data_reg_n_0_[33]
    SLICE_X57Y92         FDRE                                         r  C0/z_axis_data_reg[1]/D
  -------------------------------------------------------------------    -------------------

                         (clock sys_clk_pin rise edge)
                                                      0.000     0.000 r  
    W5                                                0.000     0.000 r  clk (IN)
                         net (fo=0)                   0.000     0.000    clk
    W5                   IBUF (Prop_ibuf_I_O)         0.414     0.414 r  clk_IBUF_inst/O
                         net (fo=1, routed)           0.685     1.099    clk_IBUF
    BUFGCTRL_X0Y0        BUFG (Prop_bufg_I_O)         0.029     1.128 r  clk_IBUF_BUFG_inst/O
                         net (fo=259, routed)         0.833     1.961    C0/clk_IBUF_BUFG
    SLICE_X57Y92         FDRE                                         r  C0/z_axis_data_reg[1]/C
                         clock pessimism             -0.497     1.464    
    SLICE_X57Y92         FDRE (Hold_fdre_C_D)         0.070     1.534    C0/z_axis_data_reg[1]
  -------------------------------------------------------------------
                         required time                         -1.534    
                         arrival time                           1.702    
  -------------------------------------------------------------------
                         slack                                  0.168    

Slack (MET) :             0.168ns  (arrival time - required time)
  Source:                 C1/shift_register_reg[3]/C
                            (rising edge-triggered cell FDRE clocked by sys_clk_pin  {rise@0.000ns fall@5.000ns period=10.000ns})
  Destination:            C1/shift_register_reg[4]/D
                            (rising edge-triggered cell FDRE clocked by sys_clk_pin  {rise@0.000ns fall@5.000ns period=10.000ns})
  Path Group:             sys_clk_pin
  Path Type:              Hold (Min at Fast Process Corner)
  Requirement:            0.000ns  (sys_clk_pin rise@0.000ns - sys_clk_pin rise@0.000ns)
  Data Path Delay:        0.273ns  (logic 0.209ns (76.490%)  route 0.064ns (23.510%))
  Logic Levels:           1  (LUT2=1)
  Clock Path Skew:        0.013ns (DCD - SCD - CPR)
    Destination Clock Delay (DCD):    1.991ns
    Source Clock Delay      (SCD):    1.476ns
    Clock Pessimism Removal (CPR):    0.502ns

    Location             Delay type                Incr(ns)  Path(ns)    Netlist Resource(s)
  -------------------------------------------------------------------    -------------------
                         (clock sys_clk_pin rise edge)
                                                      0.000     0.000 r  
    W5                                                0.000     0.000 r  clk (IN)
                         net (fo=0)                   0.000     0.000    clk
    W5                   IBUF (Prop_ibuf_I_O)         0.226     0.226 r  clk_IBUF_inst/O
                         net (fo=1, routed)           0.631     0.858    clk_IBUF
    BUFGCTRL_X0Y0        BUFG (Prop_bufg_I_O)         0.026     0.884 r  clk_IBUF_BUFG_inst/O
                         net (fo=259, routed)         0.593     1.476    C1/clk_IBUF_BUFG
    SLICE_X64Y94         FDRE                                         r  C1/shift_register_reg[3]/C
  -------------------------------------------------------------------    -------------------
    SLICE_X64Y94         FDRE (Prop_fdre_C_Q)         0.164     1.640 r  C1/shift_register_reg[3]/Q
                         net (fo=2, routed)           0.064     1.704    C1/in9[4]
    SLICE_X65Y94         LUT2 (Prop_lut2_I0_O)        0.045     1.749 r  C1/shift_register[4]_i_1/O
                         net (fo=1, routed)           0.000     1.749    C1/shift_register[4]_i_1_n_0
    SLICE_X65Y94         FDRE                                         r  C1/shift_register_reg[4]/D
  -------------------------------------------------------------------    -------------------

                         (clock sys_clk_pin rise edge)
                                                      0.000     0.000 r  
    W5                                                0.000     0.000 r  clk (IN)
                         net (fo=0)                   0.000     0.000    clk
    W5                   IBUF (Prop_ibuf_I_O)         0.414     0.414 r  clk_IBUF_inst/O
                         net (fo=1, routed)           0.685     1.099    clk_IBUF
    BUFGCTRL_X0Y0        BUFG (Prop_bufg_I_O)         0.029     1.128 r  clk_IBUF_BUFG_inst/O
                         net (fo=259, routed)         0.863     1.991    C1/clk_IBUF_BUFG
    SLICE_X65Y94         FDRE                                         r  C1/shift_register_reg[4]/C
                         clock pessimism             -0.502     1.489    
    SLICE_X65Y94         FDRE (Hold_fdre_C_D)         0.092     1.581    C1/shift_register_reg[4]
  -------------------------------------------------------------------
                         required time                         -1.581    
                         arrival time                           1.749    
  -------------------------------------------------------------------
                         slack                                  0.168    

Slack (MET) :             0.169ns  (arrival time - required time)
  Source:                 C0/axis_data_reg[6]/C
                            (rising edge-triggered cell FDRE clocked by sys_clk_pin  {rise@0.000ns fall@5.000ns period=10.000ns})
  Destination:            C0/x_axis_data_reg[6]/D
                            (rising edge-triggered cell FDRE clocked by sys_clk_pin  {rise@0.000ns fall@5.000ns period=10.000ns})
  Path Group:             sys_clk_pin
  Path Type:              Hold (Min at Fast Process Corner)
  Requirement:            0.000ns  (sys_clk_pin rise@0.000ns - sys_clk_pin rise@0.000ns)
  Data Path Delay:        0.251ns  (logic 0.141ns (56.174%)  route 0.110ns (43.826%))
  Logic Levels:           0  
  Clock Path Skew:        0.016ns (DCD - SCD - CPR)
    Destination Clock Delay (DCD):    1.989ns
    Source Clock Delay      (SCD):    1.475ns
    Clock Pessimism Removal (CPR):    0.498ns

    Location             Delay type                Incr(ns)  Path(ns)    Netlist Resource(s)
  -------------------------------------------------------------------    -------------------
                         (clock sys_clk_pin rise edge)
                                                      0.000     0.000 r  
    W5                                                0.000     0.000 r  clk (IN)
                         net (fo=0)                   0.000     0.000    clk
    W5                   IBUF (Prop_ibuf_I_O)         0.226     0.226 r  clk_IBUF_inst/O
                         net (fo=1, routed)           0.631     0.858    clk_IBUF
    BUFGCTRL_X0Y0        BUFG (Prop_bufg_I_O)         0.026     0.884 r  clk_IBUF_BUFG_inst/O
                         net (fo=259, routed)         0.592     1.475    C0/clk_IBUF_BUFG
    SLICE_X59Y95         FDRE                                         r  C0/axis_data_reg[6]/C
  -------------------------------------------------------------------    -------------------
    SLICE_X59Y95         FDRE (Prop_fdre_C_Q)         0.141     1.616 r  C0/axis_data_reg[6]/Q
                         net (fo=1, routed)           0.110     1.726    C0/axis_data_reg_n_0_[6]
    SLICE_X58Y94         FDRE                                         r  C0/x_axis_data_reg[6]/D
  -------------------------------------------------------------------    -------------------

                         (clock sys_clk_pin rise edge)
                                                      0.000     0.000 r  
    W5                                                0.000     0.000 r  clk (IN)
                         net (fo=0)                   0.000     0.000    clk
    W5                   IBUF (Prop_ibuf_I_O)         0.414     0.414 r  clk_IBUF_inst/O
                         net (fo=1, routed)           0.685     1.099    clk_IBUF
    BUFGCTRL_X0Y0        BUFG (Prop_bufg_I_O)         0.029     1.128 r  clk_IBUF_BUFG_inst/O
                         net (fo=259, routed)         0.861     1.989    C0/clk_IBUF_BUFG
    SLICE_X58Y94         FDRE                                         r  C0/x_axis_data_reg[6]/C
                         clock pessimism             -0.498     1.491    
    SLICE_X58Y94         FDRE (Hold_fdre_C_D)         0.066     1.557    C0/x_axis_data_reg[6]
  -------------------------------------------------------------------
                         required time                         -1.557    
                         arrival time                           1.726    
  -------------------------------------------------------------------
                         slack                                  0.169    





Pulse Width Checks
--------------------------------------------------------------------------------------
Clock Name:         sys_clk_pin
Waveform(ns):       { 0.000 5.000 }
Period(ns):         10.000
Sources:            { clk }

Check Type        Corner  Lib Pin  Reference Pin  Required(ns)  Actual(ns)  Slack(ns)  Location       Pin
Min Period        n/a     BUFG/I   n/a            2.155         10.000      7.845      BUFGCTRL_X0Y0  clk_IBUF_BUFG_inst/I
Min Period        n/a     FDRE/C   n/a            1.000         10.000      9.000      SLICE_X58Y89   C0/STATE_reg[0]/C
Min Period        n/a     FDRE/C   n/a            1.000         10.000      9.000      SLICE_X58Y89   C0/STATE_reg[1]/C
Min Period        n/a     FDRE/C   n/a            1.000         10.000      9.000      SLICE_X61Y89   C0/STATE_reg[2]/C
Min Period        n/a     FDRE/C   n/a            1.000         10.000      9.000      SLICE_X56Y93   C0/axis_data_reg[0]/C
Min Period        n/a     FDRE/C   n/a            1.000         10.000      9.000      SLICE_X63Y93   C0/axis_data_reg[10]/C
Min Period        n/a     FDRE/C   n/a            1.000         10.000      9.000      SLICE_X63Y93   C0/axis_data_reg[11]/C
Min Period        n/a     FDRE/C   n/a            1.000         10.000      9.000      SLICE_X63Y93   C0/axis_data_reg[12]/C
Min Period        n/a     FDRE/C   n/a            1.000         10.000      9.000      SLICE_X63Y93   C0/axis_data_reg[13]/C
Min Period        n/a     FDRE/C   n/a            1.000         10.000      9.000      SLICE_X63Y93   C0/axis_data_reg[14]/C
Low Pulse Width   Slow    FDRE/C   n/a            0.500         5.000       4.500      SLICE_X58Y89   C0/STATE_reg[0]/C
Low Pulse Width   Fast    FDRE/C   n/a            0.500         5.000       4.500      SLICE_X58Y89   C0/STATE_reg[0]/C
Low Pulse Width   Slow    FDRE/C   n/a            0.500         5.000       4.500      SLICE_X58Y89   C0/STATE_reg[1]/C
Low Pulse Width   Fast    FDRE/C   n/a            0.500         5.000       4.500      SLICE_X58Y89   C0/STATE_reg[1]/C
Low Pulse Width   Slow    FDRE/C   n/a            0.500         5.000       4.500      SLICE_X61Y89   C0/STATE_reg[2]/C
Low Pulse Width   Fast    FDRE/C   n/a            0.500         5.000       4.500      SLICE_X61Y89   C0/STATE_reg[2]/C
Low Pulse Width   Slow    FDRE/C   n/a            0.500         5.000       4.500      SLICE_X56Y93   C0/axis_data_reg[0]/C
Low Pulse Width   Fast    FDRE/C   n/a            0.500         5.000       4.500      SLICE_X56Y93   C0/axis_data_reg[0]/C
Low Pulse Width   Slow    FDRE/C   n/a            0.500         5.000       4.500      SLICE_X63Y93   C0/axis_data_reg[10]/C
Low Pulse Width   Fast    FDRE/C   n/a            0.500         5.000       4.500      SLICE_X63Y93   C0/axis_data_reg[10]/C
High Pulse Width  Slow    FDRE/C   n/a            0.500         5.000       4.500      SLICE_X58Y89   C0/STATE_reg[0]/C
High Pulse Width  Fast    FDRE/C   n/a            0.500         5.000       4.500      SLICE_X58Y89   C0/STATE_reg[0]/C
High Pulse Width  Slow    FDRE/C   n/a            0.500         5.000       4.500      SLICE_X58Y89   C0/STATE_reg[1]/C
High Pulse Width  Fast    FDRE/C   n/a            0.500         5.000       4.500      SLICE_X58Y89   C0/STATE_reg[1]/C
High Pulse Width  Slow    FDRE/C   n/a            0.500         5.000       4.500      SLICE_X61Y89   C0/STATE_reg[2]/C
High Pulse Width  Fast    FDRE/C   n/a            0.500         5.000       4.500      SLICE_X61Y89   C0/STATE_reg[2]/C
High Pulse Width  Slow    FDRE/C   n/a            0.500         5.000       4.500      SLICE_X56Y93   C0/axis_data_reg[0]/C
High Pulse Width  Fast    FDRE/C   n/a            0.500         5.000       4.500      SLICE_X56Y93   C0/axis_data_reg[0]/C
High Pulse Width  Slow    FDRE/C   n/a            0.500         5.000       4.500      SLICE_X63Y93   C0/axis_data_reg[10]/C
High Pulse Width  Fast    FDRE/C   n/a            0.500         5.000       4.500      SLICE_X63Y93   C0/axis_data_reg[10]/C



--------------------------------------------------------------------------------------
Path Group:  (none)
From Clock:  
  To Clock:  

Max Delay            15 Endpoints
Min Delay            15 Endpoints
--------------------------------------------------------------------------------------


Max Delay Paths
--------------------------------------------------------------------------------------
Slack:                    inf
  Source:                 sw[3]
                            (input port)
  Destination:            seg[6]
                            (output port)
  Path Group:             (none)
  Path Type:              Max at Slow Process Corner
  Data Path Delay:        19.764ns  (logic 5.476ns (27.706%)  route 14.288ns (72.294%))
  Logic Levels:           6  (IBUF=1 LUT5=1 LUT6=3 OBUF=1)

    Location             Delay type                Incr(ns)  Path(ns)    Netlist Resource(s)
  -------------------------------------------------------------------    -------------------
    W17                                               0.000     0.000 r  sw[3] (IN)
                         net (fo=0)                   0.000     0.000    sw[3]
    W17                  IBUF (Prop_ibuf_I_O)         1.448     1.448 r  sw_IBUF[3]_inst/O
                         net (fo=69, routed)          6.297     7.745    C0/sw_IBUF[3]
    SLICE_X60Y96         LUT5 (Prop_lut5_I3_O)        0.124     7.869 r  C0/seg_OBUF[6]_inst_i_28/O
                         net (fo=34, routed)          1.273     9.142    C2/C0/BtoBCD/data__1[1]
    SLICE_X55Y95         LUT6 (Prop_lut6_I0_O)        0.124     9.266 r  C2/C0/BtoBCD/seg_OBUF[6]_inst_i_12/O
                         net (fo=2, routed)           0.600     9.866    C2/C0/BtoBCD/count_reg[0]
    SLICE_X54Y94         LUT6 (Prop_lut6_I4_O)        0.124     9.990 r  C2/C0/BtoBCD/seg_OBUF[6]_inst_i_2/O
                         net (fo=7, routed)           1.412    11.402    C2/C4/seg[0][0]
    SLICE_X60Y91         LUT6 (Prop_lut6_I0_O)        0.124    11.526 r  C2/C4/seg_OBUF[6]_inst_i_1/O
                         net (fo=1, routed)           4.707    16.233    seg_OBUF[6]
    U7                   OBUF (Prop_obuf_I_O)         3.531    19.764 r  seg_OBUF[6]_inst/O
                         net (fo=0)                   0.000    19.764    seg[6]
    U7                                                                r  seg[6] (OUT)
  -------------------------------------------------------------------    -------------------

Slack:                    inf
  Source:                 sw[2]
                            (input port)
  Destination:            seg[4]
                            (output port)
  Path Group:             (none)
  Path Type:              Max at Slow Process Corner
  Data Path Delay:        19.598ns  (logic 5.480ns (27.961%)  route 14.118ns (72.039%))
  Logic Levels:           6  (IBUF=1 LUT5=1 LUT6=3 OBUF=1)

    Location             Delay type                Incr(ns)  Path(ns)    Netlist Resource(s)
  -------------------------------------------------------------------    -------------------
    W16                                               0.000     0.000 r  sw[2] (IN)
                         net (fo=0)                   0.000     0.000    sw[2]
    W16                  IBUF (Prop_ibuf_I_O)         1.464     1.464 r  sw_IBUF[2]_inst/O
                         net (fo=69, routed)          6.386     7.850    C0/sw_IBUF[2]
    SLICE_X62Y94         LUT5 (Prop_lut5_I4_O)        0.124     7.974 r  C0/seg_OBUF[6]_inst_i_33/O
                         net (fo=4, routed)           1.421     9.395    C2/C4/data__1[2]
    SLICE_X55Y94         LUT6 (Prop_lut6_I0_O)        0.124     9.519 r  C2/C4/seg_OBUF[6]_inst_i_18/O
                         net (fo=1, routed)           0.665    10.184    C2/C4/seg_OBUF[6]_inst_i_18_n_0
    SLICE_X55Y94         LUT6 (Prop_lut6_I5_O)        0.124    10.308 r  C2/C4/seg_OBUF[6]_inst_i_3/O
                         net (fo=7, routed)           1.064    11.372    C2/C4/digit[3]
    SLICE_X62Y93         LUT6 (Prop_lut6_I2_O)        0.124    11.496 r  C2/C4/seg_OBUF[4]_inst_i_1/O
                         net (fo=1, routed)           4.582    16.078    seg_OBUF[4]
    U5                   OBUF (Prop_obuf_I_O)         3.520    19.598 r  seg_OBUF[4]_inst/O
                         net (fo=0)                   0.000    19.598    seg[4]
    U5                                                                r  seg[4] (OUT)
  -------------------------------------------------------------------    -------------------

Slack:                    inf
  Source:                 sw[2]
                            (input port)
  Destination:            seg[5]
                            (output port)
  Path Group:             (none)
  Path Type:              Max at Slow Process Corner
  Data Path Delay:        19.478ns  (logic 5.464ns (28.054%)  route 14.013ns (71.946%))
  Logic Levels:           6  (IBUF=1 LUT5=1 LUT6=3 OBUF=1)

    Location             Delay type                Incr(ns)  Path(ns)    Netlist Resource(s)
  -------------------------------------------------------------------    -------------------
    W16                                               0.000     0.000 r  sw[2] (IN)
                         net (fo=0)                   0.000     0.000    sw[2]
    W16                  IBUF (Prop_ibuf_I_O)         1.464     1.464 r  sw_IBUF[2]_inst/O
                         net (fo=69, routed)          6.386     7.850    C0/sw_IBUF[2]
    SLICE_X62Y94         LUT5 (Prop_lut5_I4_O)        0.124     7.974 r  C0/seg_OBUF[6]_inst_i_33/O
                         net (fo=4, routed)           1.421     9.395    C2/C4/data__1[2]
    SLICE_X55Y94         LUT6 (Prop_lut6_I0_O)        0.124     9.519 r  C2/C4/seg_OBUF[6]_inst_i_18/O
                         net (fo=1, routed)           0.665    10.184    C2/C4/seg_OBUF[6]_inst_i_18_n_0
    SLICE_X55Y94         LUT6 (Prop_lut6_I5_O)        0.124    10.308 r  C2/C4/seg_OBUF[6]_inst_i_3/O
                         net (fo=7, routed)           0.916    11.224    C2/C4/digit[3]
    SLICE_X61Y91         LUT6 (Prop_lut6_I5_O)        0.124    11.348 r  C2/C4/seg_OBUF[5]_inst_i_1/O
                         net (fo=1, routed)           4.626    15.973    seg_OBUF[5]
    V5                   OBUF (Prop_obuf_I_O)         3.504    19.478 r  seg_OBUF[5]_inst/O
                         net (fo=0)                   0.000    19.478    seg[5]
    V5                                                                r  seg[5] (OUT)
  -------------------------------------------------------------------    -------------------

Slack:                    inf
  Source:                 sw[3]
                            (input port)
  Destination:            seg[3]
                            (output port)
  Path Group:             (none)
  Path Type:              Max at Slow Process Corner
  Data Path Delay:        19.389ns  (logic 5.480ns (28.264%)  route 13.909ns (71.736%))
  Logic Levels:           6  (IBUF=1 LUT5=1 LUT6=3 OBUF=1)

    Location             Delay type                Incr(ns)  Path(ns)    Netlist Resource(s)
  -------------------------------------------------------------------    -------------------
    W17                                               0.000     0.000 r  sw[3] (IN)
                         net (fo=0)                   0.000     0.000    sw[3]
    W17                  IBUF (Prop_ibuf_I_O)         1.448     1.448 r  sw_IBUF[3]_inst/O
                         net (fo=69, routed)          6.297     7.745    C0/sw_IBUF[3]
    SLICE_X60Y96         LUT5 (Prop_lut5_I3_O)        0.124     7.869 r  C0/seg_OBUF[6]_inst_i_28/O
                         net (fo=34, routed)          1.273     9.142    C2/C0/BtoBCD/data__1[1]
    SLICE_X55Y95         LUT6 (Prop_lut6_I0_O)        0.124     9.266 r  C2/C0/BtoBCD/seg_OBUF[6]_inst_i_12/O
                         net (fo=2, routed)           0.600     9.866    C2/C0/BtoBCD/count_reg[0]
    SLICE_X54Y94         LUT6 (Prop_lut6_I4_O)        0.124     9.990 r  C2/C0/BtoBCD/seg_OBUF[6]_inst_i_2/O
                         net (fo=7, routed)           1.323    11.313    C2/C4/seg[0][0]
    SLICE_X62Y93         LUT6 (Prop_lut6_I5_O)        0.124    11.437 r  C2/C4/seg_OBUF[3]_inst_i_1/O
                         net (fo=1, routed)           4.417    15.854    seg_OBUF[3]
    V8                   OBUF (Prop_obuf_I_O)         3.536    19.389 r  seg_OBUF[3]_inst/O
                         net (fo=0)                   0.000    19.389    seg[3]
    V8                                                                r  seg[3] (OUT)
  -------------------------------------------------------------------    -------------------

Slack:                    inf
  Source:                 sw[2]
                            (input port)
  Destination:            seg[0]
                            (output port)
  Path Group:             (none)
  Path Type:              Max at Slow Process Corner
  Data Path Delay:        19.356ns  (logic 5.470ns (28.263%)  route 13.885ns (71.737%))
  Logic Levels:           6  (IBUF=1 LUT5=1 LUT6=3 OBUF=1)

    Location             Delay type                Incr(ns)  Path(ns)    Netlist Resource(s)
  -------------------------------------------------------------------    -------------------
    W16                                               0.000     0.000 r  sw[2] (IN)
                         net (fo=0)                   0.000     0.000    sw[2]
    W16                  IBUF (Prop_ibuf_I_O)         1.464     1.464 r  sw_IBUF[2]_inst/O
                         net (fo=69, routed)          6.386     7.850    C0/sw_IBUF[2]
    SLICE_X62Y94         LUT5 (Prop_lut5_I4_O)        0.124     7.974 r  C0/seg_OBUF[6]_inst_i_33/O
                         net (fo=4, routed)           1.421     9.395    C2/C4/data__1[2]
    SLICE_X55Y94         LUT6 (Prop_lut6_I0_O)        0.124     9.519 r  C2/C4/seg_OBUF[6]_inst_i_18/O
                         net (fo=1, routed)           0.665    10.184    C2/C4/seg_OBUF[6]_inst_i_18_n_0
    SLICE_X55Y94         LUT6 (Prop_lut6_I5_O)        0.124    10.308 r  C2/C4/seg_OBUF[6]_inst_i_3/O
                         net (fo=7, routed)           1.417    11.725    C2/C4/digit[3]
    SLICE_X61Y91         LUT6 (Prop_lut6_I1_O)        0.124    11.849 r  C2/C4/seg_OBUF[0]_inst_i_1/O
                         net (fo=1, routed)           3.997    15.845    seg_OBUF[0]
    W7                   OBUF (Prop_obuf_I_O)         3.511    19.356 r  seg_OBUF[0]_inst/O
                         net (fo=0)                   0.000    19.356    seg[0]
    W7                                                                r  seg[0] (OUT)
  -------------------------------------------------------------------    -------------------

Slack:                    inf
  Source:                 sw[2]
                            (input port)
  Destination:            seg[2]
                            (output port)
  Path Group:             (none)
  Path Type:              Max at Slow Process Corner
  Data Path Delay:        19.265ns  (logic 5.495ns (28.523%)  route 13.770ns (71.477%))
  Logic Levels:           6  (IBUF=1 LUT5=1 LUT6=3 OBUF=1)

    Location             Delay type                Incr(ns)  Path(ns)    Netlist Resource(s)
  -------------------------------------------------------------------    -------------------
    W16                                               0.000     0.000 r  sw[2] (IN)
                         net (fo=0)                   0.000     0.000    sw[2]
    W16                  IBUF (Prop_ibuf_I_O)         1.464     1.464 r  sw_IBUF[2]_inst/O
                         net (fo=69, routed)          6.386     7.850    C0/sw_IBUF[2]
    SLICE_X62Y94         LUT5 (Prop_lut5_I4_O)        0.124     7.974 r  C0/seg_OBUF[6]_inst_i_33/O
                         net (fo=4, routed)           1.421     9.395    C2/C4/data__1[2]
    SLICE_X55Y94         LUT6 (Prop_lut6_I0_O)        0.124     9.519 r  C2/C4/seg_OBUF[6]_inst_i_18/O
                         net (fo=1, routed)           0.665    10.184    C2/C4/seg_OBUF[6]_inst_i_18_n_0
    SLICE_X55Y94         LUT6 (Prop_lut6_I5_O)        0.124    10.308 r  C2/C4/seg_OBUF[6]_inst_i_3/O
                         net (fo=7, routed)           1.132    11.440    C2/C4/digit[3]
    SLICE_X62Y93         LUT6 (Prop_lut6_I2_O)        0.124    11.564 r  C2/C4/seg_OBUF[2]_inst_i_1/O
                         net (fo=1, routed)           4.166    15.730    seg_OBUF[2]
    U8                   OBUF (Prop_obuf_I_O)         3.535    19.265 r  seg_OBUF[2]_inst/O
                         net (fo=0)                   0.000    19.265    seg[2]
    U8                                                                r  seg[2] (OUT)
  -------------------------------------------------------------------    -------------------

Slack:                    inf
  Source:                 sw[3]
                            (input port)
  Destination:            seg[1]
                            (output port)
  Path Group:             (none)
  Path Type:              Max at Slow Process Corner
  Data Path Delay:        19.074ns  (logic 5.474ns (28.697%)  route 13.600ns (71.303%))
  Logic Levels:           6  (IBUF=1 LUT5=1 LUT6=3 OBUF=1)

    Location             Delay type                Incr(ns)  Path(ns)    Netlist Resource(s)
  -------------------------------------------------------------------    -------------------
    W17                                               0.000     0.000 r  sw[3] (IN)
                         net (fo=0)                   0.000     0.000    sw[3]
    W17                  IBUF (Prop_ibuf_I_O)         1.448     1.448 r  sw_IBUF[3]_inst/O
                         net (fo=69, routed)          6.297     7.745    C0/sw_IBUF[3]
    SLICE_X60Y96         LUT5 (Prop_lut5_I3_O)        0.124     7.869 r  C0/seg_OBUF[6]_inst_i_28/O
                         net (fo=34, routed)          1.273     9.142    C2/C0/BtoBCD/data__1[1]
    SLICE_X55Y95         LUT6 (Prop_lut6_I0_O)        0.124     9.266 r  C2/C0/BtoBCD/seg_OBUF[6]_inst_i_12/O
                         net (fo=2, routed)           0.600     9.866    C2/C0/BtoBCD/count_reg[0]
    SLICE_X54Y94         LUT6 (Prop_lut6_I4_O)        0.124     9.990 r  C2/C0/BtoBCD/seg_OBUF[6]_inst_i_2/O
                         net (fo=7, routed)           1.405    11.395    C2/C4/seg[0][0]
    SLICE_X61Y91         LUT6 (Prop_lut6_I1_O)        0.124    11.519 r  C2/C4/seg_OBUF[1]_inst_i_1/O
                         net (fo=1, routed)           4.026    15.545    seg_OBUF[1]
    W6                   OBUF (Prop_obuf_I_O)         3.529    19.074 r  seg_OBUF[1]_inst/O
                         net (fo=0)                   0.000    19.074    seg[1]
    W6                                                                r  seg[1] (OUT)
  -------------------------------------------------------------------    -------------------

Slack:                    inf
  Source:                 sw[0]
                            (input port)
  Destination:            an[2]
                            (output port)
  Path Group:             (none)
  Path Type:              Max at Slow Process Corner
  Data Path Delay:        16.101ns  (logic 5.334ns (33.128%)  route 10.767ns (66.872%))
  Logic Levels:           3  (IBUF=1 LUT3=1 OBUF=1)

    Location             Delay type                Incr(ns)  Path(ns)    Netlist Resource(s)
  -------------------------------------------------------------------    -------------------
    V17                                               0.000     0.000 r  sw[0] (IN)
                         net (fo=0)                   0.000     0.000    sw[0]
    V17                  IBUF (Prop_ibuf_I_O)         1.453     1.453 r  sw_IBUF[0]_inst/O
                         net (fo=231, routed)         7.027     8.480    C2/C4/sw_IBUF[0]
    SLICE_X62Y84         LUT3 (Prop_lut3_I2_O)        0.150     8.630 r  C2/C4/an_OBUF[2]_inst_i_1/O
                         net (fo=1, routed)           3.740    12.370    an_OBUF[2]
    V4                   OBUF (Prop_obuf_I_O)         3.731    16.101 r  an_OBUF[2]_inst/O
                         net (fo=0)                   0.000    16.101    an[2]
    V4                                                                r  an[2] (OUT)
  -------------------------------------------------------------------    -------------------

Slack:                    inf
  Source:                 sw[0]
                            (input port)
  Destination:            an[3]
                            (output port)
  Path Group:             (none)
  Path Type:              Max at Slow Process Corner
  Data Path Delay:        16.096ns  (logic 5.315ns (33.022%)  route 10.781ns (66.978%))
  Logic Levels:           3  (IBUF=1 LUT3=1 OBUF=1)

    Location             Delay type                Incr(ns)  Path(ns)    Netlist Resource(s)
  -------------------------------------------------------------------    -------------------
    V17                                               0.000     0.000 r  sw[0] (IN)
                         net (fo=0)                   0.000     0.000    sw[0]
    V17                  IBUF (Prop_ibuf_I_O)         1.453     1.453 r  sw_IBUF[0]_inst/O
                         net (fo=231, routed)         7.039     8.491    C2/C4/sw_IBUF[0]
    SLICE_X62Y84         LUT3 (Prop_lut3_I2_O)        0.150     8.641 r  C2/C4/an_OBUF[3]_inst_i_1/O
                         net (fo=1, routed)           3.742    12.384    an_OBUF[3]
    W4                   OBUF (Prop_obuf_I_O)         3.712    16.096 r  an_OBUF[3]_inst/O
                         net (fo=0)                   0.000    16.096    an[3]
    W4                                                                r  an[3] (OUT)
  -------------------------------------------------------------------    -------------------

Slack:                    inf
  Source:                 sw[0]
                            (input port)
  Destination:            an[1]
                            (output port)
  Path Group:             (none)
  Path Type:              Max at Slow Process Corner
  Data Path Delay:        15.841ns  (logic 5.076ns (32.044%)  route 10.765ns (67.956%))
  Logic Levels:           3  (IBUF=1 LUT3=1 OBUF=1)

    Location             Delay type                Incr(ns)  Path(ns)    Netlist Resource(s)
  -------------------------------------------------------------------    -------------------
    V17                                               0.000     0.000 r  sw[0] (IN)
                         net (fo=0)                   0.000     0.000    sw[0]
    V17                  IBUF (Prop_ibuf_I_O)         1.453     1.453 r  sw_IBUF[0]_inst/O
                         net (fo=231, routed)         7.027     8.480    C2/C4/sw_IBUF[0]
    SLICE_X62Y84         LUT3 (Prop_lut3_I2_O)        0.124     8.604 r  C2/C4/an_OBUF[1]_inst_i_1/O
                         net (fo=1, routed)           3.737    12.342    an_OBUF[1]
    U4                   OBUF (Prop_obuf_I_O)         3.499    15.841 r  an_OBUF[1]_inst/O
                         net (fo=0)                   0.000    15.841    an[1]
    U4                                                                r  an[1] (OUT)
  -------------------------------------------------------------------    -------------------





Min Delay Paths
--------------------------------------------------------------------------------------
Slack:                    inf
  Source:                 C2/C4/count_reg[0]/C
                            (rising edge-triggered cell FDCE)
  Destination:            C2/C4/count_reg[1]/D
  Path Group:             (none)
  Path Type:              Min at Fast Process Corner
  Data Path Delay:        0.432ns  (logic 0.207ns (47.919%)  route 0.225ns (52.081%))
  Logic Levels:           2  (FDCE=1 LUT2=1)

    Location             Delay type                Incr(ns)  Path(ns)    Netlist Resource(s)
  -------------------------------------------------------------------    -------------------
    SLICE_X54Y93         FDCE                         0.000     0.000 r  C2/C4/count_reg[0]/C
    SLICE_X54Y93         FDCE (Prop_fdce_C_Q)         0.164     0.164 r  C2/C4/count_reg[0]/Q
                         net (fo=21, routed)          0.225     0.389    C2/C4/Q[0]
    SLICE_X54Y93         LUT2 (Prop_lut2_I0_O)        0.043     0.432 r  C2/C4/count[1]_i_1/O
                         net (fo=1, routed)           0.000     0.432    C2/C4/count[1]_i_1_n_0
    SLICE_X54Y93         FDCE                                         r  C2/C4/count_reg[1]/D
  -------------------------------------------------------------------    -------------------

Slack:                    inf
  Source:                 C2/C4/count_reg[0]/C
                            (rising edge-triggered cell FDCE)
  Destination:            C2/C4/count_reg[0]/D
  Path Group:             (none)
  Path Type:              Min at Fast Process Corner
  Data Path Delay:        0.434ns  (logic 0.209ns (48.159%)  route 0.225ns (51.841%))
  Logic Levels:           2  (FDCE=1 LUT1=1)

    Location             Delay type                Incr(ns)  Path(ns)    Netlist Resource(s)
  -------------------------------------------------------------------    -------------------
    SLICE_X54Y93         FDCE                         0.000     0.000 r  C2/C4/count_reg[0]/C
    SLICE_X54Y93         FDCE (Prop_fdce_C_Q)         0.164     0.164 f  C2/C4/count_reg[0]/Q
                         net (fo=21, routed)          0.225     0.389    C2/C4/Q[0]
    SLICE_X54Y93         LUT1 (Prop_lut1_I0_O)        0.045     0.434 r  C2/C4/count[0]_i_1/O
                         net (fo=1, routed)           0.000     0.434    C2/C4/count[0]_i_1_n_0
    SLICE_X54Y93         FDCE                                         r  C2/C4/count_reg[0]/D
  -------------------------------------------------------------------    -------------------

Slack:                    inf
  Source:                 sw[0]
                            (input port)
  Destination:            C2/C4/count_reg[0]/CLR
  Path Group:             (none)
  Path Type:              Min at Fast Process Corner
  Data Path Delay:        2.716ns  (logic 0.221ns (8.135%)  route 2.495ns (91.865%))
  Logic Levels:           1  (IBUF=1)

    Location             Delay type                Incr(ns)  Path(ns)    Netlist Resource(s)
  -------------------------------------------------------------------    -------------------
    V17                                               0.000     0.000 f  sw[0] (IN)
                         net (fo=0)                   0.000     0.000    sw[0]
    V17                  IBUF (Prop_ibuf_I_O)         0.221     0.221 f  sw_IBUF[0]_inst/O
                         net (fo=231, routed)         2.495     2.716    C2/C4/sw_IBUF[0]
    SLICE_X54Y93         FDCE                                         f  C2/C4/count_reg[0]/CLR
  -------------------------------------------------------------------    -------------------

Slack:                    inf
  Source:                 sw[0]
                            (input port)
  Destination:            C2/C4/count_reg[1]/CLR
  Path Group:             (none)
  Path Type:              Min at Fast Process Corner
  Data Path Delay:        2.716ns  (logic 0.221ns (8.135%)  route 2.495ns (91.865%))
  Logic Levels:           1  (IBUF=1)

    Location             Delay type                Incr(ns)  Path(ns)    Netlist Resource(s)
  -------------------------------------------------------------------    -------------------
    V17                                               0.000     0.000 f  sw[0] (IN)
                         net (fo=0)                   0.000     0.000    sw[0]
    V17                  IBUF (Prop_ibuf_I_O)         0.221     0.221 f  sw_IBUF[0]_inst/O
                         net (fo=231, routed)         2.495     2.716    C2/C4/sw_IBUF[0]
    SLICE_X54Y93         FDCE                                         f  C2/C4/count_reg[1]/CLR
  -------------------------------------------------------------------    -------------------

Slack:                    inf
  Source:                 C2/C4/count_reg[0]/C
                            (rising edge-triggered cell FDCE)
  Destination:            an[0]
                            (output port)
  Path Group:             (none)
  Path Type:              Min at Fast Process Corner
  Data Path Delay:        3.141ns  (logic 1.413ns (44.989%)  route 1.728ns (55.011%))
  Logic Levels:           3  (FDCE=1 LUT3=1 OBUF=1)

    Location             Delay type                Incr(ns)  Path(ns)    Netlist Resource(s)
  -------------------------------------------------------------------    -------------------
    SLICE_X54Y93         FDCE                         0.000     0.000 r  C2/C4/count_reg[0]/C
    SLICE_X54Y93         FDCE (Prop_fdce_C_Q)         0.164     0.164 r  C2/C4/count_reg[0]/Q
                         net (fo=21, routed)          0.613     0.777    C2/C4/Q[0]
    SLICE_X62Y84         LUT3 (Prop_lut3_I1_O)        0.045     0.822 r  C2/C4/an_OBUF[0]_inst_i_1/O
                         net (fo=1, routed)           1.115     1.937    an_OBUF[0]
    U2                   OBUF (Prop_obuf_I_O)         1.204     3.141 r  an_OBUF[0]_inst/O
                         net (fo=0)                   0.000     3.141    an[0]
    U2                                                                r  an[0] (OUT)
  -------------------------------------------------------------------    -------------------

Slack:                    inf
  Source:                 C2/C4/count_reg[0]/C
                            (rising edge-triggered cell FDCE)
  Destination:            an[1]
                            (output port)
  Path Group:             (none)
  Path Type:              Min at Fast Process Corner
  Data Path Delay:        3.222ns  (logic 1.409ns (43.736%)  route 1.813ns (56.264%))
  Logic Levels:           3  (FDCE=1 LUT3=1 OBUF=1)

    Location             Delay type                Incr(ns)  Path(ns)    Netlist Resource(s)
  -------------------------------------------------------------------    -------------------
    SLICE_X54Y93         FDCE                         0.000     0.000 r  C2/C4/count_reg[0]/C
    SLICE_X54Y93         FDCE (Prop_fdce_C_Q)         0.164     0.164 f  C2/C4/count_reg[0]/Q
                         net (fo=21, routed)          0.603     0.767    C2/C4/Q[0]
    SLICE_X62Y84         LUT3 (Prop_lut3_I0_O)        0.045     0.812 r  C2/C4/an_OBUF[1]_inst_i_1/O
                         net (fo=1, routed)           1.210     2.022    an_OBUF[1]
    U4                   OBUF (Prop_obuf_I_O)         1.200     3.222 r  an_OBUF[1]_inst/O
                         net (fo=0)                   0.000     3.222    an[1]
    U4                                                                r  an[1] (OUT)
  -------------------------------------------------------------------    -------------------

Slack:                    inf
  Source:                 C2/C4/count_reg[0]/C
                            (rising edge-triggered cell FDCE)
  Destination:            an[3]
                            (output port)
  Path Group:             (none)
  Path Type:              Min at Fast Process Corner
  Data Path Delay:        3.310ns  (logic 1.481ns (44.748%)  route 1.829ns (55.252%))
  Logic Levels:           3  (FDCE=1 LUT3=1 OBUF=1)

    Location             Delay type                Incr(ns)  Path(ns)    Netlist Resource(s)
  -------------------------------------------------------------------    -------------------
    SLICE_X54Y93         FDCE                         0.000     0.000 r  C2/C4/count_reg[0]/C
    SLICE_X54Y93         FDCE (Prop_fdce_C_Q)         0.164     0.164 f  C2/C4/count_reg[0]/Q
                         net (fo=21, routed)          0.613     0.777    C2/C4/Q[0]
    SLICE_X62Y84         LUT3 (Prop_lut3_I1_O)        0.044     0.821 r  C2/C4/an_OBUF[3]_inst_i_1/O
                         net (fo=1, routed)           1.216     2.037    an_OBUF[3]
    W4                   OBUF (Prop_obuf_I_O)         1.273     3.310 r  an_OBUF[3]_inst/O
                         net (fo=0)                   0.000     3.310    an[3]
    W4                                                                r  an[3] (OUT)
  -------------------------------------------------------------------    -------------------

Slack:                    inf
  Source:                 C2/C4/count_reg[0]/C
                            (rising edge-triggered cell FDCE)
  Destination:            an[2]
                            (output port)
  Path Group:             (none)
  Path Type:              Min at Fast Process Corner
  Data Path Delay:        3.339ns  (logic 1.500ns (44.920%)  route 1.839ns (55.080%))
  Logic Levels:           3  (FDCE=1 LUT3=1 OBUF=1)

    Location             Delay type                Incr(ns)  Path(ns)    Netlist Resource(s)
  -------------------------------------------------------------------    -------------------
    SLICE_X54Y93         FDCE                         0.000     0.000 r  C2/C4/count_reg[0]/C
    SLICE_X54Y93         FDCE (Prop_fdce_C_Q)         0.164     0.164 r  C2/C4/count_reg[0]/Q
                         net (fo=21, routed)          0.603     0.767    C2/C4/Q[0]
    SLICE_X62Y84         LUT3 (Prop_lut3_I1_O)        0.045     0.812 r  C2/C4/an_OBUF[2]_inst_i_1/O
                         net (fo=1, routed)           1.237     2.048    an_OBUF[2]
    V4                   OBUF (Prop_obuf_I_O)         1.291     3.339 r  an_OBUF[2]_inst/O
                         net (fo=0)                   0.000     3.339    an[2]
    V4                                                                r  an[2] (OUT)
  -------------------------------------------------------------------    -------------------

Slack:                    inf
  Source:                 C2/C4/count_reg[0]/C
                            (rising edge-triggered cell FDCE)
  Destination:            seg[1]
                            (output port)
  Path Group:             (none)
  Path Type:              Min at Fast Process Corner
  Data Path Delay:        3.510ns  (logic 1.529ns (43.568%)  route 1.981ns (56.432%))
  Logic Levels:           5  (FDCE=1 LUT5=1 LUT6=2 OBUF=1)

    Location             Delay type                Incr(ns)  Path(ns)    Netlist Resource(s)
  -------------------------------------------------------------------    -------------------
    SLICE_X54Y93         FDCE                         0.000     0.000 r  C2/C4/count_reg[0]/C
    SLICE_X54Y93         FDCE (Prop_fdce_C_Q)         0.164     0.164 r  C2/C4/count_reg[0]/Q
                         net (fo=21, routed)          0.225     0.389    C2/C4/Q[0]
    SLICE_X54Y93         LUT6 (Prop_lut6_I5_O)        0.045     0.434 r  C2/C4/seg_OBUF[6]_inst_i_23/O
                         net (fo=1, routed)           0.052     0.486    C2/C4/seg_OBUF[6]_inst_i_23_n_0
    SLICE_X54Y93         LUT5 (Prop_lut5_I1_O)        0.045     0.531 r  C2/C4/seg_OBUF[6]_inst_i_7/O
                         net (fo=7, routed)           0.333     0.864    C2/C4/digit[2]
    SLICE_X61Y91         LUT6 (Prop_lut6_I2_O)        0.045     0.909 r  C2/C4/seg_OBUF[1]_inst_i_1/O
                         net (fo=1, routed)           1.371     2.280    seg_OBUF[1]
    W6                   OBUF (Prop_obuf_I_O)         1.230     3.510 r  seg_OBUF[1]_inst/O
                         net (fo=0)                   0.000     3.510    seg[1]
    W6                                                                r  seg[1] (OUT)
  -------------------------------------------------------------------    -------------------

Slack:                    inf
  Source:                 C2/C4/count_reg[0]/C
                            (rising edge-triggered cell FDCE)
  Destination:            seg[0]
                            (output port)
  Path Group:             (none)
  Path Type:              Min at Fast Process Corner
  Data Path Delay:        3.528ns  (logic 1.533ns (43.444%)  route 1.995ns (56.556%))
  Logic Levels:           4  (FDCE=1 LUT5=1 LUT6=1 OBUF=1)

    Location             Delay type                Incr(ns)  Path(ns)    Netlist Resource(s)
  -------------------------------------------------------------------    -------------------
    SLICE_X54Y93         FDCE                         0.000     0.000 r  C2/C4/count_reg[0]/C
    SLICE_X54Y93         FDCE (Prop_fdce_C_Q)         0.164     0.164 r  C2/C4/count_reg[0]/Q
                         net (fo=21, routed)          0.272     0.436    C2/C4/Q[0]
    SLICE_X56Y93         LUT5 (Prop_lut5_I1_O)        0.046     0.482 r  C2/C4/seg_OBUF[6]_inst_i_6/O
                         net (fo=7, routed)           0.387     0.869    C2/C4/seg_OBUF[6]_inst_i_6_n_0
    SLICE_X61Y91         LUT6 (Prop_lut6_I4_O)        0.111     0.980 r  C2/C4/seg_OBUF[0]_inst_i_1/O
                         net (fo=1, routed)           1.337     2.316    seg_OBUF[0]
    W7                   OBUF (Prop_obuf_I_O)         1.212     3.528 r  seg_OBUF[0]_inst/O
                         net (fo=0)                   0.000     3.528    seg[0]
    W7                                                                r  seg[0] (OUT)
  -------------------------------------------------------------------    -------------------





--------------------------------------------------------------------------------------
Path Group:  (none)
From Clock:  sys_clk_pin
  To Clock:  

Max Delay            10 Endpoints
Min Delay            10 Endpoints
--------------------------------------------------------------------------------------


Max Delay Paths
--------------------------------------------------------------------------------------
Slack:                    inf
  Source:                 C0/z_axis_data_reg[15]/C
                            (rising edge-triggered cell FDRE clocked by sys_clk_pin  {rise@0.000ns fall@5.000ns period=10.000ns})
  Destination:            seg[6]
                            (output port)
  Path Group:             (none)
  Path Type:              Max at Slow Process Corner
  Data Path Delay:        13.108ns  (logic 4.621ns (35.257%)  route 8.487ns (64.743%))
  Logic Levels:           5  (LUT5=1 LUT6=3 OBUF=1)
  Clock Uncertainty:      0.025ns  ((TSJ^2 + TIJ^2)^1/2 + DJ) / 2 + PE
    Total System Jitter     (TSJ):    0.050ns
    Total Input Jitter      (TIJ):    0.000ns
    Discrete Jitter          (DJ):    0.000ns
    Phase Error              (PE):    0.000ns

    Location             Delay type                Incr(ns)  Path(ns)    Netlist Resource(s)
  -------------------------------------------------------------------    -------------------
                         (clock sys_clk_pin rise edge)
                                                      0.000     0.000 r  
    W5                                                0.000     0.000 r  clk (IN)
                         net (fo=0)                   0.000     0.000    clk
    W5                   IBUF (Prop_ibuf_I_O)         1.458     1.458 r  clk_IBUF_inst/O
                         net (fo=1, routed)           1.967     3.425    clk_IBUF
    BUFGCTRL_X0Y0        BUFG (Prop_bufg_I_O)         0.096     3.521 r  clk_IBUF_BUFG_inst/O
                         net (fo=259, routed)         1.626     5.147    C0/clk_IBUF_BUFG
    SLICE_X63Y95         FDRE                                         r  C0/z_axis_data_reg[15]/C
  -------------------------------------------------------------------    -------------------
    SLICE_X63Y95         FDRE (Prop_fdre_C_Q)         0.419     5.566 r  C0/z_axis_data_reg[15]/Q
                         net (fo=5, routed)           0.495     6.061    C0/z_axis_data[15]
    SLICE_X60Y96         LUT5 (Prop_lut5_I2_O)        0.299     6.360 r  C0/seg_OBUF[6]_inst_i_28/O
                         net (fo=34, routed)          1.273     7.633    C2/C0/BtoBCD/data__1[1]
    SLICE_X55Y95         LUT6 (Prop_lut6_I0_O)        0.124     7.757 r  C2/C0/BtoBCD/seg_OBUF[6]_inst_i_12/O
                         net (fo=2, routed)           0.600     8.357    C2/C0/BtoBCD/count_reg[0]
    SLICE_X54Y94         LUT6 (Prop_lut6_I4_O)        0.124     8.481 r  C2/C0/BtoBCD/seg_OBUF[6]_inst_i_2/O
                         net (fo=7, routed)           1.412     9.893    C2/C4/seg[0][0]
    SLICE_X60Y91         LUT6 (Prop_lut6_I0_O)        0.124    10.017 r  C2/C4/seg_OBUF[6]_inst_i_1/O
                         net (fo=1, routed)           4.707    14.723    seg_OBUF[6]
    U7                   OBUF (Prop_obuf_I_O)         3.531    18.255 r  seg_OBUF[6]_inst/O
                         net (fo=0)                   0.000    18.255    seg[6]
    U7                                                                r  seg[6] (OUT)
  -------------------------------------------------------------------    -------------------

Slack:                    inf
  Source:                 C0/y_axis_data_reg[11]/C
                            (rising edge-triggered cell FDRE clocked by sys_clk_pin  {rise@0.000ns fall@5.000ns period=10.000ns})
  Destination:            seg[4]
                            (output port)
  Path Group:             (none)
  Path Type:              Max at Slow Process Corner
  Data Path Delay:        13.077ns  (logic 4.472ns (34.196%)  route 8.605ns (65.804%))
  Logic Levels:           5  (LUT5=1 LUT6=3 OBUF=1)
  Clock Uncertainty:      0.025ns  ((TSJ^2 + TIJ^2)^1/2 + DJ) / 2 + PE
    Total System Jitter     (TSJ):    0.050ns
    Total Input Jitter      (TIJ):    0.000ns
    Discrete Jitter          (DJ):    0.000ns
    Phase Error              (PE):    0.000ns

    Location             Delay type                Incr(ns)  Path(ns)    Netlist Resource(s)
  -------------------------------------------------------------------    -------------------
                         (clock sys_clk_pin rise edge)
                                                      0.000     0.000 r  
    W5                                                0.000     0.000 r  clk (IN)
                         net (fo=0)                   0.000     0.000    clk
    W5                   IBUF (Prop_ibuf_I_O)         1.458     1.458 r  clk_IBUF_inst/O
                         net (fo=1, routed)           1.967     3.425    clk_IBUF
    BUFGCTRL_X0Y0        BUFG (Prop_bufg_I_O)         0.096     3.521 r  clk_IBUF_BUFG_inst/O
                         net (fo=259, routed)         1.626     5.147    C0/clk_IBUF_BUFG
    SLICE_X62Y94         FDRE                                         r  C0/y_axis_data_reg[11]/C
  -------------------------------------------------------------------    -------------------
    SLICE_X62Y94         FDRE (Prop_fdre_C_Q)         0.456     5.603 r  C0/y_axis_data_reg[11]/Q
                         net (fo=3, routed)           0.873     6.476    C0/y_axis_data[11]
    SLICE_X62Y94         LUT5 (Prop_lut5_I0_O)        0.124     6.600 r  C0/seg_OBUF[6]_inst_i_33/O
                         net (fo=4, routed)           1.421     8.021    C2/C4/data__1[2]
    SLICE_X55Y94         LUT6 (Prop_lut6_I0_O)        0.124     8.145 r  C2/C4/seg_OBUF[6]_inst_i_18/O
                         net (fo=1, routed)           0.665     8.810    C2/C4/seg_OBUF[6]_inst_i_18_n_0
    SLICE_X55Y94         LUT6 (Prop_lut6_I5_O)        0.124     8.934 r  C2/C4/seg_OBUF[6]_inst_i_3/O
                         net (fo=7, routed)           1.064     9.998    C2/C4/digit[3]
    SLICE_X62Y93         LUT6 (Prop_lut6_I2_O)        0.124    10.122 r  C2/C4/seg_OBUF[4]_inst_i_1/O
                         net (fo=1, routed)           4.582    14.704    seg_OBUF[4]
    U5                   OBUF (Prop_obuf_I_O)         3.520    18.224 r  seg_OBUF[4]_inst/O
                         net (fo=0)                   0.000    18.224    seg[4]
    U5                                                                r  seg[4] (OUT)
  -------------------------------------------------------------------    -------------------

Slack:                    inf
  Source:                 C0/y_axis_data_reg[11]/C
                            (rising edge-triggered cell FDRE clocked by sys_clk_pin  {rise@0.000ns fall@5.000ns period=10.000ns})
  Destination:            seg[5]
                            (output port)
  Path Group:             (none)
  Path Type:              Max at Slow Process Corner
  Data Path Delay:        12.957ns  (logic 4.456ns (34.393%)  route 8.501ns (65.607%))
  Logic Levels:           5  (LUT5=1 LUT6=3 OBUF=1)
  Clock Uncertainty:      0.025ns  ((TSJ^2 + TIJ^2)^1/2 + DJ) / 2 + PE
    Total System Jitter     (TSJ):    0.050ns
    Total Input Jitter      (TIJ):    0.000ns
    Discrete Jitter          (DJ):    0.000ns
    Phase Error              (PE):    0.000ns

    Location             Delay type                Incr(ns)  Path(ns)    Netlist Resource(s)
  -------------------------------------------------------------------    -------------------
                         (clock sys_clk_pin rise edge)
                                                      0.000     0.000 r  
    W5                                                0.000     0.000 r  clk (IN)
                         net (fo=0)                   0.000     0.000    clk
    W5                   IBUF (Prop_ibuf_I_O)         1.458     1.458 r  clk_IBUF_inst/O
                         net (fo=1, routed)           1.967     3.425    clk_IBUF
    BUFGCTRL_X0Y0        BUFG (Prop_bufg_I_O)         0.096     3.521 r  clk_IBUF_BUFG_inst/O
                         net (fo=259, routed)         1.626     5.147    C0/clk_IBUF_BUFG
    SLICE_X62Y94         FDRE                                         r  C0/y_axis_data_reg[11]/C
  -------------------------------------------------------------------    -------------------
    SLICE_X62Y94         FDRE (Prop_fdre_C_Q)         0.456     5.603 r  C0/y_axis_data_reg[11]/Q
                         net (fo=3, routed)           0.873     6.476    C0/y_axis_data[11]
    SLICE_X62Y94         LUT5 (Prop_lut5_I0_O)        0.124     6.600 r  C0/seg_OBUF[6]_inst_i_33/O
                         net (fo=4, routed)           1.421     8.021    C2/C4/data__1[2]
    SLICE_X55Y94         LUT6 (Prop_lut6_I0_O)        0.124     8.145 r  C2/C4/seg_OBUF[6]_inst_i_18/O
                         net (fo=1, routed)           0.665     8.810    C2/C4/seg_OBUF[6]_inst_i_18_n_0
    SLICE_X55Y94         LUT6 (Prop_lut6_I5_O)        0.124     8.934 r  C2/C4/seg_OBUF[6]_inst_i_3/O
                         net (fo=7, routed)           0.916     9.850    C2/C4/digit[3]
    SLICE_X61Y91         LUT6 (Prop_lut6_I5_O)        0.124     9.974 r  C2/C4/seg_OBUF[5]_inst_i_1/O
                         net (fo=1, routed)           4.626    14.600    seg_OBUF[5]
    V5                   OBUF (Prop_obuf_I_O)         3.504    18.104 r  seg_OBUF[5]_inst/O
                         net (fo=0)                   0.000    18.104    seg[5]
    V5                                                                r  seg[5] (OUT)
  -------------------------------------------------------------------    -------------------

Slack:                    inf
  Source:                 C0/y_axis_data_reg[11]/C
                            (rising edge-triggered cell FDRE clocked by sys_clk_pin  {rise@0.000ns fall@5.000ns period=10.000ns})
  Destination:            seg[0]
                            (output port)
  Path Group:             (none)
  Path Type:              Max at Slow Process Corner
  Data Path Delay:        12.835ns  (logic 4.463ns (34.769%)  route 8.373ns (65.231%))
  Logic Levels:           5  (LUT5=1 LUT6=3 OBUF=1)
  Clock Uncertainty:      0.025ns  ((TSJ^2 + TIJ^2)^1/2 + DJ) / 2 + PE
    Total System Jitter     (TSJ):    0.050ns
    Total Input Jitter      (TIJ):    0.000ns
    Discrete Jitter          (DJ):    0.000ns
    Phase Error              (PE):    0.000ns

    Location             Delay type                Incr(ns)  Path(ns)    Netlist Resource(s)
  -------------------------------------------------------------------    -------------------
                         (clock sys_clk_pin rise edge)
                                                      0.000     0.000 r  
    W5                                                0.000     0.000 r  clk (IN)
                         net (fo=0)                   0.000     0.000    clk
    W5                   IBUF (Prop_ibuf_I_O)         1.458     1.458 r  clk_IBUF_inst/O
                         net (fo=1, routed)           1.967     3.425    clk_IBUF
    BUFGCTRL_X0Y0        BUFG (Prop_bufg_I_O)         0.096     3.521 r  clk_IBUF_BUFG_inst/O
                         net (fo=259, routed)         1.626     5.147    C0/clk_IBUF_BUFG
    SLICE_X62Y94         FDRE                                         r  C0/y_axis_data_reg[11]/C
  -------------------------------------------------------------------    -------------------
    SLICE_X62Y94         FDRE (Prop_fdre_C_Q)         0.456     5.603 r  C0/y_axis_data_reg[11]/Q
                         net (fo=3, routed)           0.873     6.476    C0/y_axis_data[11]
    SLICE_X62Y94         LUT5 (Prop_lut5_I0_O)        0.124     6.600 r  C0/seg_OBUF[6]_inst_i_33/O
                         net (fo=4, routed)           1.421     8.021    C2/C4/data__1[2]
    SLICE_X55Y94         LUT6 (Prop_lut6_I0_O)        0.124     8.145 r  C2/C4/seg_OBUF[6]_inst_i_18/O
                         net (fo=1, routed)           0.665     8.810    C2/C4/seg_OBUF[6]_inst_i_18_n_0
    SLICE_X55Y94         LUT6 (Prop_lut6_I5_O)        0.124     8.934 r  C2/C4/seg_OBUF[6]_inst_i_3/O
                         net (fo=7, routed)           1.417    10.351    C2/C4/digit[3]
    SLICE_X61Y91         LUT6 (Prop_lut6_I1_O)        0.124    10.475 r  C2/C4/seg_OBUF[0]_inst_i_1/O
                         net (fo=1, routed)           3.997    14.472    seg_OBUF[0]
    W7                   OBUF (Prop_obuf_I_O)         3.511    17.982 r  seg_OBUF[0]_inst/O
                         net (fo=0)                   0.000    17.982    seg[0]
    W7                                                                r  seg[0] (OUT)
  -------------------------------------------------------------------    -------------------

Slack:                    inf
  Source:                 C0/y_axis_data_reg[11]/C
                            (rising edge-triggered cell FDRE clocked by sys_clk_pin  {rise@0.000ns fall@5.000ns period=10.000ns})
  Destination:            seg[2]
                            (output port)
  Path Group:             (none)
  Path Type:              Max at Slow Process Corner
  Data Path Delay:        12.745ns  (logic 4.487ns (35.208%)  route 8.258ns (64.792%))
  Logic Levels:           5  (LUT5=1 LUT6=3 OBUF=1)
  Clock Uncertainty:      0.025ns  ((TSJ^2 + TIJ^2)^1/2 + DJ) / 2 + PE
    Total System Jitter     (TSJ):    0.050ns
    Total Input Jitter      (TIJ):    0.000ns
    Discrete Jitter          (DJ):    0.000ns
    Phase Error              (PE):    0.000ns

    Location             Delay type                Incr(ns)  Path(ns)    Netlist Resource(s)
  -------------------------------------------------------------------    -------------------
                         (clock sys_clk_pin rise edge)
                                                      0.000     0.000 r  
    W5                                                0.000     0.000 r  clk (IN)
                         net (fo=0)                   0.000     0.000    clk
    W5                   IBUF (Prop_ibuf_I_O)         1.458     1.458 r  clk_IBUF_inst/O
                         net (fo=1, routed)           1.967     3.425    clk_IBUF
    BUFGCTRL_X0Y0        BUFG (Prop_bufg_I_O)         0.096     3.521 r  clk_IBUF_BUFG_inst/O
                         net (fo=259, routed)         1.626     5.147    C0/clk_IBUF_BUFG
    SLICE_X62Y94         FDRE                                         r  C0/y_axis_data_reg[11]/C
  -------------------------------------------------------------------    -------------------
    SLICE_X62Y94         FDRE (Prop_fdre_C_Q)         0.456     5.603 r  C0/y_axis_data_reg[11]/Q
                         net (fo=3, routed)           0.873     6.476    C0/y_axis_data[11]
    SLICE_X62Y94         LUT5 (Prop_lut5_I0_O)        0.124     6.600 r  C0/seg_OBUF[6]_inst_i_33/O
                         net (fo=4, routed)           1.421     8.021    C2/C4/data__1[2]
    SLICE_X55Y94         LUT6 (Prop_lut6_I0_O)        0.124     8.145 r  C2/C4/seg_OBUF[6]_inst_i_18/O
                         net (fo=1, routed)           0.665     8.810    C2/C4/seg_OBUF[6]_inst_i_18_n_0
    SLICE_X55Y94         LUT6 (Prop_lut6_I5_O)        0.124     8.934 r  C2/C4/seg_OBUF[6]_inst_i_3/O
                         net (fo=7, routed)           1.132    10.066    C2/C4/digit[3]
    SLICE_X62Y93         LUT6 (Prop_lut6_I2_O)        0.124    10.190 r  C2/C4/seg_OBUF[2]_inst_i_1/O
                         net (fo=1, routed)           4.166    14.356    seg_OBUF[2]
    U8                   OBUF (Prop_obuf_I_O)         3.535    17.892 r  seg_OBUF[2]_inst/O
                         net (fo=0)                   0.000    17.892    seg[2]
    U8                                                                r  seg[2] (OUT)
  -------------------------------------------------------------------    -------------------

Slack:                    inf
  Source:                 C0/z_axis_data_reg[15]/C
                            (rising edge-triggered cell FDRE clocked by sys_clk_pin  {rise@0.000ns fall@5.000ns period=10.000ns})
  Destination:            seg[3]
                            (output port)
  Path Group:             (none)
  Path Type:              Max at Slow Process Corner
  Data Path Delay:        12.733ns  (logic 4.626ns (36.328%)  route 8.107ns (63.672%))
  Logic Levels:           5  (LUT5=1 LUT6=3 OBUF=1)
  Clock Uncertainty:      0.025ns  ((TSJ^2 + TIJ^2)^1/2 + DJ) / 2 + PE
    Total System Jitter     (TSJ):    0.050ns
    Total Input Jitter      (TIJ):    0.000ns
    Discrete Jitter          (DJ):    0.000ns
    Phase Error              (PE):    0.000ns

    Location             Delay type                Incr(ns)  Path(ns)    Netlist Resource(s)
  -------------------------------------------------------------------    -------------------
                         (clock sys_clk_pin rise edge)
                                                      0.000     0.000 r  
    W5                                                0.000     0.000 r  clk (IN)
                         net (fo=0)                   0.000     0.000    clk
    W5                   IBUF (Prop_ibuf_I_O)         1.458     1.458 r  clk_IBUF_inst/O
                         net (fo=1, routed)           1.967     3.425    clk_IBUF
    BUFGCTRL_X0Y0        BUFG (Prop_bufg_I_O)         0.096     3.521 r  clk_IBUF_BUFG_inst/O
                         net (fo=259, routed)         1.626     5.147    C0/clk_IBUF_BUFG
    SLICE_X63Y95         FDRE                                         r  C0/z_axis_data_reg[15]/C
  -------------------------------------------------------------------    -------------------
    SLICE_X63Y95         FDRE (Prop_fdre_C_Q)         0.419     5.566 r  C0/z_axis_data_reg[15]/Q
                         net (fo=5, routed)           0.495     6.061    C0/z_axis_data[15]
    SLICE_X60Y96         LUT5 (Prop_lut5_I2_O)        0.299     6.360 r  C0/seg_OBUF[6]_inst_i_28/O
                         net (fo=34, routed)          1.273     7.633    C2/C0/BtoBCD/data__1[1]
    SLICE_X55Y95         LUT6 (Prop_lut6_I0_O)        0.124     7.757 r  C2/C0/BtoBCD/seg_OBUF[6]_inst_i_12/O
                         net (fo=2, routed)           0.600     8.357    C2/C0/BtoBCD/count_reg[0]
    SLICE_X54Y94         LUT6 (Prop_lut6_I4_O)        0.124     8.481 r  C2/C0/BtoBCD/seg_OBUF[6]_inst_i_2/O
                         net (fo=7, routed)           1.323     9.803    C2/C4/seg[0][0]
    SLICE_X62Y93         LUT6 (Prop_lut6_I5_O)        0.124     9.927 r  C2/C4/seg_OBUF[3]_inst_i_1/O
                         net (fo=1, routed)           4.417    14.344    seg_OBUF[3]
    V8                   OBUF (Prop_obuf_I_O)         3.536    17.880 r  seg_OBUF[3]_inst/O
                         net (fo=0)                   0.000    17.880    seg[3]
    V8                                                                r  seg[3] (OUT)
  -------------------------------------------------------------------    -------------------

Slack:                    inf
  Source:                 C0/z_axis_data_reg[15]/C
                            (rising edge-triggered cell FDRE clocked by sys_clk_pin  {rise@0.000ns fall@5.000ns period=10.000ns})
  Destination:            seg[1]
                            (output port)
  Path Group:             (none)
  Path Type:              Max at Slow Process Corner
  Data Path Delay:        12.417ns  (logic 4.619ns (37.199%)  route 7.798ns (62.801%))
  Logic Levels:           5  (LUT5=1 LUT6=3 OBUF=1)
  Clock Uncertainty:      0.025ns  ((TSJ^2 + TIJ^2)^1/2 + DJ) / 2 + PE
    Total System Jitter     (TSJ):    0.050ns
    Total Input Jitter      (TIJ):    0.000ns
    Discrete Jitter          (DJ):    0.000ns
    Phase Error              (PE):    0.000ns

    Location             Delay type                Incr(ns)  Path(ns)    Netlist Resource(s)
  -------------------------------------------------------------------    -------------------
                         (clock sys_clk_pin rise edge)
                                                      0.000     0.000 r  
    W5                                                0.000     0.000 r  clk (IN)
                         net (fo=0)                   0.000     0.000    clk
    W5                   IBUF (Prop_ibuf_I_O)         1.458     1.458 r  clk_IBUF_inst/O
                         net (fo=1, routed)           1.967     3.425    clk_IBUF
    BUFGCTRL_X0Y0        BUFG (Prop_bufg_I_O)         0.096     3.521 r  clk_IBUF_BUFG_inst/O
                         net (fo=259, routed)         1.626     5.147    C0/clk_IBUF_BUFG
    SLICE_X63Y95         FDRE                                         r  C0/z_axis_data_reg[15]/C
  -------------------------------------------------------------------    -------------------
    SLICE_X63Y95         FDRE (Prop_fdre_C_Q)         0.419     5.566 r  C0/z_axis_data_reg[15]/Q
                         net (fo=5, routed)           0.495     6.061    C0/z_axis_data[15]
    SLICE_X60Y96         LUT5 (Prop_lut5_I2_O)        0.299     6.360 r  C0/seg_OBUF[6]_inst_i_28/O
                         net (fo=34, routed)          1.273     7.633    C2/C0/BtoBCD/data__1[1]
    SLICE_X55Y95         LUT6 (Prop_lut6_I0_O)        0.124     7.757 r  C2/C0/BtoBCD/seg_OBUF[6]_inst_i_12/O
                         net (fo=2, routed)           0.600     8.357    C2/C0/BtoBCD/count_reg[0]
    SLICE_X54Y94         LUT6 (Prop_lut6_I4_O)        0.124     8.481 r  C2/C0/BtoBCD/seg_OBUF[6]_inst_i_2/O
                         net (fo=7, routed)           1.405     9.885    C2/C4/seg[0][0]
    SLICE_X61Y91         LUT6 (Prop_lut6_I1_O)        0.124    10.009 r  C2/C4/seg_OBUF[1]_inst_i_1/O
                         net (fo=1, routed)           4.026    14.035    seg_OBUF[1]
    W6                   OBUF (Prop_obuf_I_O)         3.529    17.564 r  seg_OBUF[1]_inst/O
                         net (fo=0)                   0.000    17.564    seg[1]
    W6                                                                r  seg[1] (OUT)
  -------------------------------------------------------------------    -------------------

Slack:                    inf
  Source:                 C0/slave_select_reg/C
                            (rising edge-triggered cell FDSE clocked by sys_clk_pin  {rise@0.000ns fall@5.000ns period=10.000ns})
  Destination:            JA[0]
                            (output port)
  Path Group:             (none)
  Path Type:              Max at Slow Process Corner
  Data Path Delay:        5.944ns  (logic 3.961ns (66.638%)  route 1.983ns (33.362%))
  Logic Levels:           1  (OBUF=1)
  Clock Uncertainty:      0.025ns  ((TSJ^2 + TIJ^2)^1/2 + DJ) / 2 + PE
    Total System Jitter     (TSJ):    0.050ns
    Total Input Jitter      (TIJ):    0.000ns
    Discrete Jitter          (DJ):    0.000ns
    Phase Error              (PE):    0.000ns

    Location             Delay type                Incr(ns)  Path(ns)    Netlist Resource(s)
  -------------------------------------------------------------------    -------------------
                         (clock sys_clk_pin rise edge)
                                                      0.000     0.000 r  
    W5                                                0.000     0.000 r  clk (IN)
                         net (fo=0)                   0.000     0.000    clk
    W5                   IBUF (Prop_ibuf_I_O)         1.458     1.458 r  clk_IBUF_inst/O
                         net (fo=1, routed)           1.967     3.425    clk_IBUF
    BUFGCTRL_X0Y0        BUFG (Prop_bufg_I_O)         0.096     3.521 r  clk_IBUF_BUFG_inst/O
                         net (fo=259, routed)         1.625     5.146    C0/clk_IBUF_BUFG
    SLICE_X63Y92         FDSE                                         r  C0/slave_select_reg/C
  -------------------------------------------------------------------    -------------------
    SLICE_X63Y92         FDSE (Prop_fdse_C_Q)         0.456     5.602 r  C0/slave_select_reg/Q
                         net (fo=8, routed)           1.983     7.585    JA_IBUF__0[0]
    J1                   OBUF (Prop_obuf_I_O)         3.505    11.090 r  JA_OBUF[0]_inst/O
                         net (fo=0)                   0.000    11.090    JA[0]
    J1                                                                r  JA[0] (INOUT)
  -------------------------------------------------------------------    -------------------

Slack:                    inf
  Source:                 C1/mosi_reg/C
                            (rising edge-triggered cell FDSE clocked by sys_clk_pin  {rise@0.000ns fall@5.000ns period=10.000ns})
  Destination:            JA[1]
                            (output port)
  Path Group:             (none)
  Path Type:              Max at Slow Process Corner
  Data Path Delay:        5.904ns  (logic 4.034ns (68.327%)  route 1.870ns (31.673%))
  Logic Levels:           1  (OBUF=1)
  Clock Uncertainty:      0.025ns  ((TSJ^2 + TIJ^2)^1/2 + DJ) / 2 + PE
    Total System Jitter     (TSJ):    0.050ns
    Total Input Jitter      (TIJ):    0.000ns
    Discrete Jitter          (DJ):    0.000ns
    Phase Error              (PE):    0.000ns

    Location             Delay type                Incr(ns)  Path(ns)    Netlist Resource(s)
  -------------------------------------------------------------------    -------------------
                         (clock sys_clk_pin rise edge)
                                                      0.000     0.000 r  
    W5                                                0.000     0.000 r  clk (IN)
                         net (fo=0)                   0.000     0.000    clk
    W5                   IBUF (Prop_ibuf_I_O)         1.458     1.458 r  clk_IBUF_inst/O
                         net (fo=1, routed)           1.967     3.425    clk_IBUF
    BUFGCTRL_X0Y0        BUFG (Prop_bufg_I_O)         0.096     3.521 r  clk_IBUF_BUFG_inst/O
                         net (fo=259, routed)         1.626     5.147    C1/clk_IBUF_BUFG
    SLICE_X64Y95         FDSE                                         r  C1/mosi_reg/C
  -------------------------------------------------------------------    -------------------
    SLICE_X64Y95         FDSE (Prop_fdse_C_Q)         0.518     5.665 r  C1/mosi_reg/Q
                         net (fo=1, routed)           1.870     7.535    JA_IBUF__0[1]
    L2                   OBUF (Prop_obuf_I_O)         3.516    11.051 r  JA_OBUF[1]_inst/O
                         net (fo=0)                   0.000    11.051    JA[1]
    L2                                                                r  JA[1] (INOUT)
  -------------------------------------------------------------------    -------------------

Slack:                    inf
  Source:                 C1/sclk_previous_reg/C
                            (rising edge-triggered cell FDRE clocked by sys_clk_pin  {rise@0.000ns fall@5.000ns period=10.000ns})
  Destination:            JA[3]
                            (output port)
  Path Group:             (none)
  Path Type:              Max at Slow Process Corner
  Data Path Delay:        5.696ns  (logic 4.008ns (70.357%)  route 1.689ns (29.643%))
  Logic Levels:           1  (OBUF=1)
  Clock Uncertainty:      0.025ns  ((TSJ^2 + TIJ^2)^1/2 + DJ) / 2 + PE
    Total System Jitter     (TSJ):    0.050ns
    Total Input Jitter      (TIJ):    0.000ns
    Discrete Jitter          (DJ):    0.000ns
    Phase Error              (PE):    0.000ns

    Location             Delay type                Incr(ns)  Path(ns)    Netlist Resource(s)
  -------------------------------------------------------------------    -------------------
                         (clock sys_clk_pin rise edge)
                                                      0.000     0.000 r  
    W5                                                0.000     0.000 r  clk (IN)
                         net (fo=0)                   0.000     0.000    clk
    W5                   IBUF (Prop_ibuf_I_O)         1.458     1.458 r  clk_IBUF_inst/O
                         net (fo=1, routed)           1.967     3.425    clk_IBUF
    BUFGCTRL_X0Y0        BUFG (Prop_bufg_I_O)         0.096     3.521 r  clk_IBUF_BUFG_inst/O
                         net (fo=259, routed)         1.627     5.148    C1/clk_IBUF_BUFG
    SLICE_X64Y97         FDRE                                         r  C1/sclk_previous_reg/C
  -------------------------------------------------------------------    -------------------
    SLICE_X64Y97         FDRE (Prop_fdre_C_Q)         0.518     5.666 r  C1/sclk_previous_reg/Q
                         net (fo=4, routed)           1.689     7.354    JA_IBUF__0[3]
    G2                   OBUF (Prop_obuf_I_O)         3.490    10.844 r  JA_OBUF[3]_inst/O
                         net (fo=0)                   0.000    10.844    JA[3]
    G2                                                                r  JA[3] (INOUT)
  -------------------------------------------------------------------    -------------------





Min Delay Paths
--------------------------------------------------------------------------------------
Slack:                    inf
  Source:                 C1/sclk_previous_reg/C
                            (rising edge-triggered cell FDRE clocked by sys_clk_pin  {rise@0.000ns fall@5.000ns period=10.000ns})
  Destination:            JA[3]
                            (output port)
  Path Group:             (none)
  Path Type:              Min at Fast Process Corner
  Data Path Delay:        1.711ns  (logic 1.355ns (79.214%)  route 0.356ns (20.786%))
  Logic Levels:           1  (OBUF=1)
  Clock Uncertainty:      0.025ns  ((TSJ^2 + TIJ^2)^1/2 + DJ) / 2 + PE
    Total System Jitter     (TSJ):    0.050ns
    Total Input Jitter      (TIJ):    0.000ns
    Discrete Jitter          (DJ):    0.000ns
    Phase Error              (PE):    0.000ns

    Location             Delay type                Incr(ns)  Path(ns)    Netlist Resource(s)
  -------------------------------------------------------------------    -------------------
                         (clock sys_clk_pin rise edge)
                                                      0.000     0.000 r  
    W5                                                0.000     0.000 r  clk (IN)
                         net (fo=0)                   0.000     0.000    clk
    W5                   IBUF (Prop_ibuf_I_O)         0.226     0.226 r  clk_IBUF_inst/O
                         net (fo=1, routed)           0.631     0.858    clk_IBUF
    BUFGCTRL_X0Y0        BUFG (Prop_bufg_I_O)         0.026     0.884 r  clk_IBUF_BUFG_inst/O
                         net (fo=259, routed)         0.594     1.477    C1/clk_IBUF_BUFG
    SLICE_X64Y97         FDRE                                         r  C1/sclk_previous_reg/C
  -------------------------------------------------------------------    -------------------
    SLICE_X64Y97         FDRE (Prop_fdre_C_Q)         0.164     1.641 r  C1/sclk_previous_reg/Q
                         net (fo=4, routed)           0.356     1.997    JA_IBUF__0[3]
    G2                   OBUF (Prop_obuf_I_O)         1.191     3.188 r  JA_OBUF[3]_inst/O
                         net (fo=0)                   0.000     3.188    JA[3]
    G2                                                                r  JA[3] (INOUT)
  -------------------------------------------------------------------    -------------------

Slack:                    inf
  Source:                 C1/mosi_reg/C
                            (rising edge-triggered cell FDSE clocked by sys_clk_pin  {rise@0.000ns fall@5.000ns period=10.000ns})
  Destination:            JA[1]
                            (output port)
  Path Group:             (none)
  Path Type:              Min at Fast Process Corner
  Data Path Delay:        1.799ns  (logic 1.381ns (76.765%)  route 0.418ns (23.235%))
  Logic Levels:           1  (OBUF=1)
  Clock Uncertainty:      0.025ns  ((TSJ^2 + TIJ^2)^1/2 + DJ) / 2 + PE
    Total System Jitter     (TSJ):    0.050ns
    Total Input Jitter      (TIJ):    0.000ns
    Discrete Jitter          (DJ):    0.000ns
    Phase Error              (PE):    0.000ns

    Location             Delay type                Incr(ns)  Path(ns)    Netlist Resource(s)
  -------------------------------------------------------------------    -------------------
                         (clock sys_clk_pin rise edge)
                                                      0.000     0.000 r  
    W5                                                0.000     0.000 r  clk (IN)
                         net (fo=0)                   0.000     0.000    clk
    W5                   IBUF (Prop_ibuf_I_O)         0.226     0.226 r  clk_IBUF_inst/O
                         net (fo=1, routed)           0.631     0.858    clk_IBUF
    BUFGCTRL_X0Y0        BUFG (Prop_bufg_I_O)         0.026     0.884 r  clk_IBUF_BUFG_inst/O
                         net (fo=259, routed)         0.593     1.476    C1/clk_IBUF_BUFG
    SLICE_X64Y95         FDSE                                         r  C1/mosi_reg/C
  -------------------------------------------------------------------    -------------------
    SLICE_X64Y95         FDSE (Prop_fdse_C_Q)         0.164     1.640 r  C1/mosi_reg/Q
                         net (fo=1, routed)           0.418     2.058    JA_IBUF__0[1]
    L2                   OBUF (Prop_obuf_I_O)         1.217     3.275 r  JA_OBUF[1]_inst/O
                         net (fo=0)                   0.000     3.275    JA[1]
    L2                                                                r  JA[1] (INOUT)
  -------------------------------------------------------------------    -------------------

Slack:                    inf
  Source:                 C0/slave_select_reg/C
                            (rising edge-triggered cell FDSE clocked by sys_clk_pin  {rise@0.000ns fall@5.000ns period=10.000ns})
  Destination:            JA[0]
                            (output port)
  Path Group:             (none)
  Path Type:              Min at Fast Process Corner
  Data Path Delay:        1.827ns  (logic 1.347ns (73.728%)  route 0.480ns (26.272%))
  Logic Levels:           1  (OBUF=1)
  Clock Uncertainty:      0.025ns  ((TSJ^2 + TIJ^2)^1/2 + DJ) / 2 + PE
    Total System Jitter     (TSJ):    0.050ns
    Total Input Jitter      (TIJ):    0.000ns
    Discrete Jitter          (DJ):    0.000ns
    Phase Error              (PE):    0.000ns

    Location             Delay type                Incr(ns)  Path(ns)    Netlist Resource(s)
  -------------------------------------------------------------------    -------------------
                         (clock sys_clk_pin rise edge)
                                                      0.000     0.000 r  
    W5                                                0.000     0.000 r  clk (IN)
                         net (fo=0)                   0.000     0.000    clk
    W5                   IBUF (Prop_ibuf_I_O)         0.226     0.226 r  clk_IBUF_inst/O
                         net (fo=1, routed)           0.631     0.858    clk_IBUF
    BUFGCTRL_X0Y0        BUFG (Prop_bufg_I_O)         0.026     0.884 r  clk_IBUF_BUFG_inst/O
                         net (fo=259, routed)         0.592     1.475    C0/clk_IBUF_BUFG
    SLICE_X63Y92         FDSE                                         r  C0/slave_select_reg/C
  -------------------------------------------------------------------    -------------------
    SLICE_X63Y92         FDSE (Prop_fdse_C_Q)         0.141     1.616 r  C0/slave_select_reg/Q
                         net (fo=8, routed)           0.480     2.096    JA_IBUF__0[0]
    J1                   OBUF (Prop_obuf_I_O)         1.206     3.302 r  JA_OBUF[0]_inst/O
                         net (fo=0)                   0.000     3.302    JA[0]
    J1                                                                r  JA[0] (INOUT)
  -------------------------------------------------------------------    -------------------

Slack:                    inf
  Source:                 C2/C0/BtoBCD/BCDOUT_reg[6]/C
                            (rising edge-triggered cell FDRE clocked by sys_clk_pin  {rise@0.000ns fall@5.000ns period=10.000ns})
  Destination:            seg[1]
                            (output port)
  Path Group:             (none)
  Path Type:              Min at Fast Process Corner
  Data Path Delay:        3.436ns  (logic 1.529ns (44.497%)  route 1.907ns (55.503%))
  Logic Levels:           4  (LUT5=1 LUT6=2 OBUF=1)
  Clock Uncertainty:      0.025ns  ((TSJ^2 + TIJ^2)^1/2 + DJ) / 2 + PE
    Total System Jitter     (TSJ):    0.050ns
    Total Input Jitter      (TIJ):    0.000ns
    Discrete Jitter          (DJ):    0.000ns
    Phase Error              (PE):    0.000ns

    Location             Delay type                Incr(ns)  Path(ns)    Netlist Resource(s)
  -------------------------------------------------------------------    -------------------
                         (clock sys_clk_pin rise edge)
                                                      0.000     0.000 r  
    W5                                                0.000     0.000 r  clk (IN)
                         net (fo=0)                   0.000     0.000    clk
    W5                   IBUF (Prop_ibuf_I_O)         0.226     0.226 r  clk_IBUF_inst/O
                         net (fo=1, routed)           0.631     0.858    clk_IBUF
    BUFGCTRL_X0Y0        BUFG (Prop_bufg_I_O)         0.026     0.884 r  clk_IBUF_BUFG_inst/O
                         net (fo=259, routed)         0.564     1.447    C2/C0/BtoBCD/clk_IBUF_BUFG
    SLICE_X54Y95         FDRE                                         r  C2/C0/BtoBCD/BCDOUT_reg[6]/C
  -------------------------------------------------------------------    -------------------
    SLICE_X54Y95         FDRE (Prop_fdre_C_Q)         0.164     1.611 r  C2/C0/BtoBCD/BCDOUT_reg[6]/Q
                         net (fo=2, routed)           0.152     1.763    C2/C4/seg_OBUF[0]_inst_i_1_0[4]
    SLICE_X54Y93         LUT6 (Prop_lut6_I4_O)        0.045     1.808 r  C2/C4/seg_OBUF[6]_inst_i_23/O
                         net (fo=1, routed)           0.052     1.860    C2/C4/seg_OBUF[6]_inst_i_23_n_0
    SLICE_X54Y93         LUT5 (Prop_lut5_I1_O)        0.045     1.905 r  C2/C4/seg_OBUF[6]_inst_i_7/O
                         net (fo=7, routed)           0.333     2.238    C2/C4/digit[2]
    SLICE_X61Y91         LUT6 (Prop_lut6_I2_O)        0.045     2.283 r  C2/C4/seg_OBUF[1]_inst_i_1/O
                         net (fo=1, routed)           1.371     3.653    seg_OBUF[1]
    W6                   OBUF (Prop_obuf_I_O)         1.230     4.883 r  seg_OBUF[1]_inst/O
                         net (fo=0)                   0.000     4.883    seg[1]
    W6                                                                r  seg[1] (OUT)
  -------------------------------------------------------------------    -------------------

Slack:                    inf
  Source:                 C2/C0/BtoBCD/BCDOUT_reg[11]/C
                            (rising edge-triggered cell FDRE clocked by sys_clk_pin  {rise@0.000ns fall@5.000ns period=10.000ns})
  Destination:            seg[2]
                            (output port)
  Path Group:             (none)
  Path Type:              Min at Fast Process Corner
  Data Path Delay:        3.522ns  (logic 1.467ns (41.657%)  route 2.055ns (58.343%))
  Logic Levels:           3  (LUT6=2 OBUF=1)
  Clock Uncertainty:      0.025ns  ((TSJ^2 + TIJ^2)^1/2 + DJ) / 2 + PE
    Total System Jitter     (TSJ):    0.050ns
    Total Input Jitter      (TIJ):    0.000ns
    Discrete Jitter          (DJ):    0.000ns
    Phase Error              (PE):    0.000ns

    Location             Delay type                Incr(ns)  Path(ns)    Netlist Resource(s)
  -------------------------------------------------------------------    -------------------
                         (clock sys_clk_pin rise edge)
                                                      0.000     0.000 r  
    W5                                                0.000     0.000 r  clk (IN)
                         net (fo=0)                   0.000     0.000    clk
    W5                   IBUF (Prop_ibuf_I_O)         0.226     0.226 r  clk_IBUF_inst/O
                         net (fo=1, routed)           0.631     0.858    clk_IBUF
    BUFGCTRL_X0Y0        BUFG (Prop_bufg_I_O)         0.026     0.884 r  clk_IBUF_BUFG_inst/O
                         net (fo=259, routed)         0.564     1.447    C2/C0/BtoBCD/clk_IBUF_BUFG
    SLICE_X55Y94         FDRE                                         r  C2/C0/BtoBCD/BCDOUT_reg[11]/C
  -------------------------------------------------------------------    -------------------
    SLICE_X55Y94         FDRE (Prop_fdre_C_Q)         0.141     1.588 r  C2/C0/BtoBCD/BCDOUT_reg[11]/Q
                         net (fo=2, routed)           0.183     1.771    C2/C4/seg_OBUF[0]_inst_i_1_0[8]
    SLICE_X55Y94         LUT6 (Prop_lut6_I2_O)        0.045     1.816 r  C2/C4/seg_OBUF[6]_inst_i_3/O
                         net (fo=7, routed)           0.451     2.266    C2/C4/digit[3]
    SLICE_X62Y93         LUT6 (Prop_lut6_I2_O)        0.045     2.311 r  C2/C4/seg_OBUF[2]_inst_i_1/O
                         net (fo=1, routed)           1.421     3.733    seg_OBUF[2]
    U8                   OBUF (Prop_obuf_I_O)         1.236     4.969 r  seg_OBUF[2]_inst/O
                         net (fo=0)                   0.000     4.969    seg[2]
    U8                                                                r  seg[2] (OUT)
  -------------------------------------------------------------------    -------------------

Slack:                    inf
  Source:                 C2/C0/BtoBCD/BCDOUT_reg[11]/C
                            (rising edge-triggered cell FDRE clocked by sys_clk_pin  {rise@0.000ns fall@5.000ns period=10.000ns})
  Destination:            seg[0]
                            (output port)
  Path Group:             (none)
  Path Type:              Min at Fast Process Corner
  Data Path Delay:        3.560ns  (logic 1.443ns (40.533%)  route 2.117ns (59.467%))
  Logic Levels:           3  (LUT6=2 OBUF=1)
  Clock Uncertainty:      0.025ns  ((TSJ^2 + TIJ^2)^1/2 + DJ) / 2 + PE
    Total System Jitter     (TSJ):    0.050ns
    Total Input Jitter      (TIJ):    0.000ns
    Discrete Jitter          (DJ):    0.000ns
    Phase Error              (PE):    0.000ns

    Location             Delay type                Incr(ns)  Path(ns)    Netlist Resource(s)
  -------------------------------------------------------------------    -------------------
                         (clock sys_clk_pin rise edge)
                                                      0.000     0.000 r  
    W5                                                0.000     0.000 r  clk (IN)
                         net (fo=0)                   0.000     0.000    clk
    W5                   IBUF (Prop_ibuf_I_O)         0.226     0.226 r  clk_IBUF_inst/O
                         net (fo=1, routed)           0.631     0.858    clk_IBUF
    BUFGCTRL_X0Y0        BUFG (Prop_bufg_I_O)         0.026     0.884 r  clk_IBUF_BUFG_inst/O
                         net (fo=259, routed)         0.564     1.447    C2/C0/BtoBCD/clk_IBUF_BUFG
    SLICE_X55Y94         FDRE                                         r  C2/C0/BtoBCD/BCDOUT_reg[11]/C
  -------------------------------------------------------------------    -------------------
    SLICE_X55Y94         FDRE (Prop_fdre_C_Q)         0.141     1.588 r  C2/C0/BtoBCD/BCDOUT_reg[11]/Q
                         net (fo=2, routed)           0.183     1.771    C2/C4/seg_OBUF[0]_inst_i_1_0[8]
    SLICE_X55Y94         LUT6 (Prop_lut6_I2_O)        0.045     1.816 r  C2/C4/seg_OBUF[6]_inst_i_3/O
                         net (fo=7, routed)           0.598     2.413    C2/C4/digit[3]
    SLICE_X61Y91         LUT6 (Prop_lut6_I1_O)        0.045     2.458 r  C2/C4/seg_OBUF[0]_inst_i_1/O
                         net (fo=1, routed)           1.337     3.795    seg_OBUF[0]
    W7                   OBUF (Prop_obuf_I_O)         1.212     5.007 r  seg_OBUF[0]_inst/O
                         net (fo=0)                   0.000     5.007    seg[0]
    W7                                                                r  seg[0] (OUT)
  -------------------------------------------------------------------    -------------------

Slack:                    inf
  Source:                 C2/C0/BtoBCD/BCDOUT_reg[11]/C
                            (rising edge-triggered cell FDRE clocked by sys_clk_pin  {rise@0.000ns fall@5.000ns period=10.000ns})
  Destination:            seg[3]
                            (output port)
  Path Group:             (none)
  Path Type:              Min at Fast Process Corner
  Data Path Delay:        3.564ns  (logic 1.467ns (41.170%)  route 2.097ns (58.830%))
  Logic Levels:           3  (LUT6=2 OBUF=1)
  Clock Uncertainty:      0.025ns  ((TSJ^2 + TIJ^2)^1/2 + DJ) / 2 + PE
    Total System Jitter     (TSJ):    0.050ns
    Total Input Jitter      (TIJ):    0.000ns
    Discrete Jitter          (DJ):    0.000ns
    Phase Error              (PE):    0.000ns

    Location             Delay type                Incr(ns)  Path(ns)    Netlist Resource(s)
  -------------------------------------------------------------------    -------------------
                         (clock sys_clk_pin rise edge)
                                                      0.000     0.000 r  
    W5                                                0.000     0.000 r  clk (IN)
                         net (fo=0)                   0.000     0.000    clk
    W5                   IBUF (Prop_ibuf_I_O)         0.226     0.226 r  clk_IBUF_inst/O
                         net (fo=1, routed)           0.631     0.858    clk_IBUF
    BUFGCTRL_X0Y0        BUFG (Prop_bufg_I_O)         0.026     0.884 r  clk_IBUF_BUFG_inst/O
                         net (fo=259, routed)         0.564     1.447    C2/C0/BtoBCD/clk_IBUF_BUFG
    SLICE_X55Y94         FDRE                                         r  C2/C0/BtoBCD/BCDOUT_reg[11]/C
  -------------------------------------------------------------------    -------------------
    SLICE_X55Y94         FDRE (Prop_fdre_C_Q)         0.141     1.588 r  C2/C0/BtoBCD/BCDOUT_reg[11]/Q
                         net (fo=2, routed)           0.183     1.771    C2/C4/seg_OBUF[0]_inst_i_1_0[8]
    SLICE_X55Y94         LUT6 (Prop_lut6_I2_O)        0.045     1.816 r  C2/C4/seg_OBUF[6]_inst_i_3/O
                         net (fo=7, routed)           0.387     2.202    C2/C4/digit[3]
    SLICE_X62Y93         LUT6 (Prop_lut6_I4_O)        0.045     2.247 r  C2/C4/seg_OBUF[3]_inst_i_1/O
                         net (fo=1, routed)           1.528     3.775    seg_OBUF[3]
    V8                   OBUF (Prop_obuf_I_O)         1.236     5.012 r  seg_OBUF[3]_inst/O
                         net (fo=0)                   0.000     5.012    seg[3]
    V8                                                                r  seg[3] (OUT)
  -------------------------------------------------------------------    -------------------

Slack:                    inf
  Source:                 C2/C0/BtoBCD/BCDOUT_reg[9]/C
                            (rising edge-triggered cell FDRE clocked by sys_clk_pin  {rise@0.000ns fall@5.000ns period=10.000ns})
  Destination:            seg[4]
                            (output port)
  Path Group:             (none)
  Path Type:              Min at Fast Process Corner
  Data Path Delay:        3.610ns  (logic 1.452ns (40.219%)  route 2.158ns (59.781%))
  Logic Levels:           3  (LUT6=2 OBUF=1)
  Clock Uncertainty:      0.025ns  ((TSJ^2 + TIJ^2)^1/2 + DJ) / 2 + PE
    Total System Jitter     (TSJ):    0.050ns
    Total Input Jitter      (TIJ):    0.000ns
    Discrete Jitter          (DJ):    0.000ns
    Phase Error              (PE):    0.000ns

    Location             Delay type                Incr(ns)  Path(ns)    Netlist Resource(s)
  -------------------------------------------------------------------    -------------------
                         (clock sys_clk_pin rise edge)
                                                      0.000     0.000 r  
    W5                                                0.000     0.000 r  clk (IN)
                         net (fo=0)                   0.000     0.000    clk
    W5                   IBUF (Prop_ibuf_I_O)         0.226     0.226 r  clk_IBUF_inst/O
                         net (fo=1, routed)           0.631     0.858    clk_IBUF
    BUFGCTRL_X0Y0        BUFG (Prop_bufg_I_O)         0.026     0.884 r  clk_IBUF_BUFG_inst/O
                         net (fo=259, routed)         0.564     1.447    C2/C0/BtoBCD/clk_IBUF_BUFG
    SLICE_X55Y94         FDRE                                         r  C2/C0/BtoBCD/BCDOUT_reg[9]/C
  -------------------------------------------------------------------    -------------------
    SLICE_X55Y94         FDRE (Prop_fdre_C_Q)         0.141     1.588 r  C2/C0/BtoBCD/BCDOUT_reg[9]/Q
                         net (fo=2, routed)           0.224     1.813    C2/C4/seg_OBUF[0]_inst_i_1_0[6]
    SLICE_X55Y94         LUT6 (Prop_lut6_I2_O)        0.045     1.858 r  C2/C4/seg_OBUF[6]_inst_i_4/O
                         net (fo=7, routed)           0.335     2.192    C2/C4/digit[1]
    SLICE_X62Y93         LUT6 (Prop_lut6_I3_O)        0.045     2.237 r  C2/C4/seg_OBUF[4]_inst_i_1/O
                         net (fo=1, routed)           1.599     3.836    seg_OBUF[4]
    U5                   OBUF (Prop_obuf_I_O)         1.221     5.057 r  seg_OBUF[4]_inst/O
                         net (fo=0)                   0.000     5.057    seg[4]
    U5                                                                r  seg[4] (OUT)
  -------------------------------------------------------------------    -------------------

Slack:                    inf
  Source:                 C2/C0/BtoBCD/BCDOUT_reg[11]/C
                            (rising edge-triggered cell FDRE clocked by sys_clk_pin  {rise@0.000ns fall@5.000ns period=10.000ns})
  Destination:            seg[6]
                            (output port)
  Path Group:             (none)
  Path Type:              Min at Fast Process Corner
  Data Path Delay:        3.732ns  (logic 1.463ns (39.206%)  route 2.269ns (60.794%))
  Logic Levels:           3  (LUT6=2 OBUF=1)
  Clock Uncertainty:      0.025ns  ((TSJ^2 + TIJ^2)^1/2 + DJ) / 2 + PE
    Total System Jitter     (TSJ):    0.050ns
    Total Input Jitter      (TIJ):    0.000ns
    Discrete Jitter          (DJ):    0.000ns
    Phase Error              (PE):    0.000ns

    Location             Delay type                Incr(ns)  Path(ns)    Netlist Resource(s)
  -------------------------------------------------------------------    -------------------
                         (clock sys_clk_pin rise edge)
                                                      0.000     0.000 r  
    W5                                                0.000     0.000 r  clk (IN)
                         net (fo=0)                   0.000     0.000    clk
    W5                   IBUF (Prop_ibuf_I_O)         0.226     0.226 r  clk_IBUF_inst/O
                         net (fo=1, routed)           0.631     0.858    clk_IBUF
    BUFGCTRL_X0Y0        BUFG (Prop_bufg_I_O)         0.026     0.884 r  clk_IBUF_BUFG_inst/O
                         net (fo=259, routed)         0.564     1.447    C2/C0/BtoBCD/clk_IBUF_BUFG
    SLICE_X55Y94         FDRE                                         r  C2/C0/BtoBCD/BCDOUT_reg[11]/C
  -------------------------------------------------------------------    -------------------
    SLICE_X55Y94         FDRE (Prop_fdre_C_Q)         0.141     1.588 r  C2/C0/BtoBCD/BCDOUT_reg[11]/Q
                         net (fo=2, routed)           0.183     1.771    C2/C4/seg_OBUF[0]_inst_i_1_0[8]
    SLICE_X55Y94         LUT6 (Prop_lut6_I2_O)        0.045     1.816 r  C2/C4/seg_OBUF[6]_inst_i_3/O
                         net (fo=7, routed)           0.431     2.246    C2/C4/digit[3]
    SLICE_X60Y91         LUT6 (Prop_lut6_I1_O)        0.045     2.291 r  C2/C4/seg_OBUF[6]_inst_i_1/O
                         net (fo=1, routed)           1.656     3.947    seg_OBUF[6]
    U7                   OBUF (Prop_obuf_I_O)         1.232     5.180 r  seg_OBUF[6]_inst/O
                         net (fo=0)                   0.000     5.180    seg[6]
    U7                                                                r  seg[6] (OUT)
  -------------------------------------------------------------------    -------------------

Slack:                    inf
  Source:                 C2/C0/BtoBCD/BCDOUT_reg[11]/C
                            (rising edge-triggered cell FDRE clocked by sys_clk_pin  {rise@0.000ns fall@5.000ns period=10.000ns})
  Destination:            seg[5]
                            (output port)
  Path Group:             (none)
  Path Type:              Min at Fast Process Corner
  Data Path Delay:        3.761ns  (logic 1.437ns (38.193%)  route 2.325ns (61.807%))
  Logic Levels:           3  (LUT6=2 OBUF=1)
  Clock Uncertainty:      0.025ns  ((TSJ^2 + TIJ^2)^1/2 + DJ) / 2 + PE
    Total System Jitter     (TSJ):    0.050ns
    Total Input Jitter      (TIJ):    0.000ns
    Discrete Jitter          (DJ):    0.000ns
    Phase Error              (PE):    0.000ns

    Location             Delay type                Incr(ns)  Path(ns)    Netlist Resource(s)
  -------------------------------------------------------------------    -------------------
                         (clock sys_clk_pin rise edge)
                                                      0.000     0.000 r  
    W5                                                0.000     0.000 r  clk (IN)
                         net (fo=0)                   0.000     0.000    clk
    W5                   IBUF (Prop_ibuf_I_O)         0.226     0.226 r  clk_IBUF_inst/O
                         net (fo=1, routed)           0.631     0.858    clk_IBUF
    BUFGCTRL_X0Y0        BUFG (Prop_bufg_I_O)         0.026     0.884 r  clk_IBUF_BUFG_inst/O
                         net (fo=259, routed)         0.564     1.447    C2/C0/BtoBCD/clk_IBUF_BUFG
    SLICE_X55Y94         FDRE                                         r  C2/C0/BtoBCD/BCDOUT_reg[11]/C
  -------------------------------------------------------------------    -------------------
    SLICE_X55Y94         FDRE (Prop_fdre_C_Q)         0.141     1.588 r  C2/C0/BtoBCD/BCDOUT_reg[11]/Q
                         net (fo=2, routed)           0.183     1.771    C2/C4/seg_OBUF[0]_inst_i_1_0[8]
    SLICE_X55Y94         LUT6 (Prop_lut6_I2_O)        0.045     1.816 r  C2/C4/seg_OBUF[6]_inst_i_3/O
                         net (fo=7, routed)           0.431     2.246    C2/C4/digit[3]
    SLICE_X61Y91         LUT6 (Prop_lut6_I5_O)        0.045     2.291 r  C2/C4/seg_OBUF[5]_inst_i_1/O
                         net (fo=1, routed)           1.712     4.003    seg_OBUF[5]
    V5                   OBUF (Prop_obuf_I_O)         1.206     5.208 r  seg_OBUF[5]_inst/O
                         net (fo=0)                   0.000     5.208    seg[5]
    V5                                                                r  seg[5] (OUT)
  -------------------------------------------------------------------    -------------------





--------------------------------------------------------------------------------------
Path Group:  (none)
From Clock:  
  To Clock:  sys_clk_pin

Max Delay           330 Endpoints
Min Delay           330 Endpoints
--------------------------------------------------------------------------------------


Max Delay Paths
--------------------------------------------------------------------------------------
Slack:                    inf
  Source:                 sw[3]
                            (input port)
  Destination:            C2/C0/BtoBCD/tmpSR_reg[5]/D
                            (rising edge-triggered cell FDRE clocked by sys_clk_pin  {rise@0.000ns fall@5.000ns period=10.000ns})
  Path Group:             (none)
  Path Type:              Setup (Max at Slow Process Corner)
  Data Path Delay:        12.361ns  (logic 3.999ns (32.357%)  route 8.361ns (67.643%))
  Logic Levels:           10  (CARRY4=6 IBUF=1 LUT3=1 LUT6=2)
  Clock Path Skew:        4.849ns (DCD - SCD + CPR)
    Destination Clock Delay (DCD):    4.849ns
    Source Clock Delay      (SCD):    0.000ns
    Clock Pessimism Removal (CPR):    0.000ns
  Clock Uncertainty:      0.025ns  ((TSJ^2 + TIJ^2)^1/2 + DJ) / 2 + PE
    Total System Jitter     (TSJ):    0.050ns
    Total Input Jitter      (TIJ):    0.000ns
    Discrete Jitter          (DJ):    0.000ns
    Phase Error              (PE):    0.000ns

    Location             Delay type                Incr(ns)  Path(ns)    Netlist Resource(s)
  -------------------------------------------------------------------    -------------------
    W17                                               0.000     0.000 r  sw[3] (IN)
                         net (fo=0)                   0.000     0.000    sw[3]
    W17                  IBUF (Prop_ibuf_I_O)         1.448     1.448 r  sw_IBUF[3]_inst/O
                         net (fo=69, routed)          5.879     7.328    C0/sw_IBUF[3]
    SLICE_X57Y92         LUT6 (Prop_lut6_I3_O)        0.124     7.452 r  C0/tmpSR[3]_i_43/O
                         net (fo=1, routed)           0.627     8.079    C0/tmpSR[3]_i_43_n_0
    SLICE_X61Y92         CARRY4 (Prop_carry4_S[0]_CO[3])
                                                      0.656     8.735 r  C0/tmpSR_reg[3]_i_28/CO[3]
                         net (fo=1, routed)           0.000     8.735    C0/tmpSR_reg[3]_i_28_n_0
    SLICE_X61Y93         CARRY4 (Prop_carry4_CI_O[0])
                                                      0.222     8.957 r  C0/tmpSR_reg[3]_i_21/O[0]
                         net (fo=3, routed)           0.836     9.793    C0/unsigned_data0[4]
    SLICE_X58Y93         LUT3 (Prop_lut3_I0_O)        0.299    10.092 r  C0/tmpSR[3]_i_22/O
                         net (fo=1, routed)           0.520    10.612    C0/C2/A[5]
    SLICE_X59Y92         CARRY4 (Prop_carry4_DI[3]_CO[3])
                                                      0.385    10.997 r  C0/tmpSR_reg[3]_i_12/CO[3]
                         net (fo=1, routed)           0.000    10.997    C0/tmpSR_reg[3]_i_12_n_0
    SLICE_X59Y93         CARRY4 (Prop_carry4_CI_CO[3])
                                                      0.114    11.111 r  C0/tmpSR_reg[3]_i_3/CO[3]
                         net (fo=1, routed)           0.000    11.111    C0/tmpSR_reg[3]_i_3_n_0
    SLICE_X59Y94         CARRY4 (Prop_carry4_CI_CO[3])
                                                      0.114    11.225 r  C0/tmpSR_reg[3]_i_2/CO[3]
                         net (fo=1, routed)           0.000    11.225    C0/tmpSR_reg[3]_i_2_n_0
    SLICE_X59Y95         CARRY4 (Prop_carry4_CI_O[1])
                                                      0.334    11.559 r  C0/tmpSR_reg[7]_i_2/O[1]
                         net (fo=1, routed)           0.499    12.058    C2/C0/BtoBCD/temp0[5]
    SLICE_X58Y95         LUT6 (Prop_lut6_I3_O)        0.303    12.361 r  C2/C0/BtoBCD/tmpSR[5]_i_1/O
                         net (fo=1, routed)           0.000    12.361    C2/C0/BtoBCD/tmpSR[5]
    SLICE_X58Y95         FDRE                                         r  C2/C0/BtoBCD/tmpSR_reg[5]/D
  -------------------------------------------------------------------    -------------------

                         (clock sys_clk_pin rise edge)
                                                      0.000     0.000 r  
    W5                                                0.000     0.000 r  clk (IN)
                         net (fo=0)                   0.000     0.000    clk
    W5                   IBUF (Prop_ibuf_I_O)         1.388     1.388 r  clk_IBUF_inst/O
                         net (fo=1, routed)           1.862     3.250    clk_IBUF
    BUFGCTRL_X0Y0        BUFG (Prop_bufg_I_O)         0.091     3.341 r  clk_IBUF_BUFG_inst/O
                         net (fo=259, routed)         1.508     4.849    C2/C0/BtoBCD/clk_IBUF_BUFG
    SLICE_X58Y95         FDRE                                         r  C2/C0/BtoBCD/tmpSR_reg[5]/C

Slack:                    inf
  Source:                 sw[3]
                            (input port)
  Destination:            C2/C0/BtoBCD/tmpSR_reg[9]/D
                            (rising edge-triggered cell FDRE clocked by sys_clk_pin  {rise@0.000ns fall@5.000ns period=10.000ns})
  Path Group:             (none)
  Path Type:              Setup (Max at Slow Process Corner)
  Data Path Delay:        12.330ns  (logic 3.962ns (32.136%)  route 8.368ns (67.864%))
  Logic Levels:           11  (CARRY4=7 IBUF=1 LUT3=1 LUT6=2)
  Clock Path Skew:        4.849ns (DCD - SCD + CPR)
    Destination Clock Delay (DCD):    4.849ns
    Source Clock Delay      (SCD):    0.000ns
    Clock Pessimism Removal (CPR):    0.000ns
  Clock Uncertainty:      0.025ns  ((TSJ^2 + TIJ^2)^1/2 + DJ) / 2 + PE
    Total System Jitter     (TSJ):    0.050ns
    Total Input Jitter      (TIJ):    0.000ns
    Discrete Jitter          (DJ):    0.000ns
    Phase Error              (PE):    0.000ns

    Location             Delay type                Incr(ns)  Path(ns)    Netlist Resource(s)
  -------------------------------------------------------------------    -------------------
    W17                                               0.000     0.000 r  sw[3] (IN)
                         net (fo=0)                   0.000     0.000    sw[3]
    W17                  IBUF (Prop_ibuf_I_O)         1.448     1.448 r  sw_IBUF[3]_inst/O
                         net (fo=69, routed)          5.879     7.328    C0/sw_IBUF[3]
    SLICE_X57Y92         LUT6 (Prop_lut6_I3_O)        0.124     7.452 r  C0/tmpSR[3]_i_43/O
                         net (fo=1, routed)           0.627     8.079    C0/tmpSR[3]_i_43_n_0
    SLICE_X61Y92         CARRY4 (Prop_carry4_S[0]_CO[3])
                                                      0.656     8.735 r  C0/tmpSR_reg[3]_i_28/CO[3]
                         net (fo=1, routed)           0.000     8.735    C0/tmpSR_reg[3]_i_28_n_0
    SLICE_X61Y93         CARRY4 (Prop_carry4_CI_O[0])
                                                      0.222     8.957 r  C0/tmpSR_reg[3]_i_21/O[0]
                         net (fo=3, routed)           0.836     9.793    C0/unsigned_data0[4]
    SLICE_X58Y93         LUT3 (Prop_lut3_I0_O)        0.299    10.092 r  C0/tmpSR[3]_i_22/O
                         net (fo=1, routed)           0.520    10.612    C0/C2/A[5]
    SLICE_X59Y92         CARRY4 (Prop_carry4_DI[3]_CO[3])
                                                      0.385    10.997 r  C0/tmpSR_reg[3]_i_12/CO[3]
                         net (fo=1, routed)           0.000    10.997    C0/tmpSR_reg[3]_i_12_n_0
    SLICE_X59Y93         CARRY4 (Prop_carry4_CI_CO[3])
                                                      0.114    11.111 r  C0/tmpSR_reg[3]_i_3/CO[3]
                         net (fo=1, routed)           0.000    11.111    C0/tmpSR_reg[3]_i_3_n_0
    SLICE_X59Y94         CARRY4 (Prop_carry4_CI_CO[3])
                                                      0.114    11.225 r  C0/tmpSR_reg[3]_i_2/CO[3]
                         net (fo=1, routed)           0.000    11.225    C0/tmpSR_reg[3]_i_2_n_0
    SLICE_X59Y95         CARRY4 (Prop_carry4_CI_CO[3])
                                                      0.114    11.339 r  C0/tmpSR_reg[7]_i_2/CO[3]
                         net (fo=1, routed)           0.000    11.339    C0/tmpSR_reg[7]_i_2_n_0
    SLICE_X59Y96         CARRY4 (Prop_carry4_CI_CO[1])
                                                      0.157    11.496 r  C0/tmpSR_reg[9]_i_4/CO[1]
                         net (fo=1, routed)           0.505    12.001    C2/C0/BtoBCD/temp0[9]
    SLICE_X58Y96         LUT6 (Prop_lut6_I3_O)        0.329    12.330 r  C2/C0/BtoBCD/tmpSR[9]_i_1/O
                         net (fo=1, routed)           0.000    12.330    C2/C0/BtoBCD/tmpSR[9]
    SLICE_X58Y96         FDRE                                         r  C2/C0/BtoBCD/tmpSR_reg[9]/D
  -------------------------------------------------------------------    -------------------

                         (clock sys_clk_pin rise edge)
                                                      0.000     0.000 r  
    W5                                                0.000     0.000 r  clk (IN)
                         net (fo=0)                   0.000     0.000    clk
    W5                   IBUF (Prop_ibuf_I_O)         1.388     1.388 r  clk_IBUF_inst/O
                         net (fo=1, routed)           1.862     3.250    clk_IBUF
    BUFGCTRL_X0Y0        BUFG (Prop_bufg_I_O)         0.091     3.341 r  clk_IBUF_BUFG_inst/O
                         net (fo=259, routed)         1.508     4.849    C2/C0/BtoBCD/clk_IBUF_BUFG
    SLICE_X58Y96         FDRE                                         r  C2/C0/BtoBCD/tmpSR_reg[9]/C

Slack:                    inf
  Source:                 sw[3]
                            (input port)
  Destination:            C2/C0/BtoBCD/tmpSR_reg[7]/D
                            (rising edge-triggered cell FDRE clocked by sys_clk_pin  {rise@0.000ns fall@5.000ns period=10.000ns})
  Path Group:             (none)
  Path Type:              Setup (Max at Slow Process Corner)
  Data Path Delay:        12.290ns  (logic 3.981ns (32.396%)  route 8.309ns (67.604%))
  Logic Levels:           10  (CARRY4=6 IBUF=1 LUT3=1 LUT6=2)
  Clock Path Skew:        4.849ns (DCD - SCD + CPR)
    Destination Clock Delay (DCD):    4.849ns
    Source Clock Delay      (SCD):    0.000ns
    Clock Pessimism Removal (CPR):    0.000ns
  Clock Uncertainty:      0.025ns  ((TSJ^2 + TIJ^2)^1/2 + DJ) / 2 + PE
    Total System Jitter     (TSJ):    0.050ns
    Total Input Jitter      (TIJ):    0.000ns
    Discrete Jitter          (DJ):    0.000ns
    Phase Error              (PE):    0.000ns

    Location             Delay type                Incr(ns)  Path(ns)    Netlist Resource(s)
  -------------------------------------------------------------------    -------------------
    W17                                               0.000     0.000 r  sw[3] (IN)
                         net (fo=0)                   0.000     0.000    sw[3]
    W17                  IBUF (Prop_ibuf_I_O)         1.448     1.448 r  sw_IBUF[3]_inst/O
                         net (fo=69, routed)          5.879     7.328    C0/sw_IBUF[3]
    SLICE_X57Y92         LUT6 (Prop_lut6_I3_O)        0.124     7.452 r  C0/tmpSR[3]_i_43/O
                         net (fo=1, routed)           0.627     8.079    C0/tmpSR[3]_i_43_n_0
    SLICE_X61Y92         CARRY4 (Prop_carry4_S[0]_CO[3])
                                                      0.656     8.735 r  C0/tmpSR_reg[3]_i_28/CO[3]
                         net (fo=1, routed)           0.000     8.735    C0/tmpSR_reg[3]_i_28_n_0
    SLICE_X61Y93         CARRY4 (Prop_carry4_CI_O[0])
                                                      0.222     8.957 r  C0/tmpSR_reg[3]_i_21/O[0]
                         net (fo=3, routed)           0.836     9.793    C0/unsigned_data0[4]
    SLICE_X58Y93         LUT3 (Prop_lut3_I0_O)        0.299    10.092 r  C0/tmpSR[3]_i_22/O
                         net (fo=1, routed)           0.520    10.612    C0/C2/A[5]
    SLICE_X59Y92         CARRY4 (Prop_carry4_DI[3]_CO[3])
                                                      0.385    10.997 r  C0/tmpSR_reg[3]_i_12/CO[3]
                         net (fo=1, routed)           0.000    10.997    C0/tmpSR_reg[3]_i_12_n_0
    SLICE_X59Y93         CARRY4 (Prop_carry4_CI_CO[3])
                                                      0.114    11.111 r  C0/tmpSR_reg[3]_i_3/CO[3]
                         net (fo=1, routed)           0.000    11.111    C0/tmpSR_reg[3]_i_3_n_0
    SLICE_X59Y94         CARRY4 (Prop_carry4_CI_CO[3])
                                                      0.114    11.225 r  C0/tmpSR_reg[3]_i_2/CO[3]
                         net (fo=1, routed)           0.000    11.225    C0/tmpSR_reg[3]_i_2_n_0
    SLICE_X59Y95         CARRY4 (Prop_carry4_CI_O[3])
                                                      0.313    11.538 r  C0/tmpSR_reg[7]_i_2/O[3]
                         net (fo=1, routed)           0.446    11.984    C2/C0/BtoBCD/temp0[7]
    SLICE_X58Y96         LUT6 (Prop_lut6_I3_O)        0.306    12.290 r  C2/C0/BtoBCD/tmpSR[7]_i_1/O
                         net (fo=1, routed)           0.000    12.290    C2/C0/BtoBCD/tmpSR[7]
    SLICE_X58Y96         FDRE                                         r  C2/C0/BtoBCD/tmpSR_reg[7]/D
  -------------------------------------------------------------------    -------------------

                         (clock sys_clk_pin rise edge)
                                                      0.000     0.000 r  
    W5                                                0.000     0.000 r  clk (IN)
                         net (fo=0)                   0.000     0.000    clk
    W5                   IBUF (Prop_ibuf_I_O)         1.388     1.388 r  clk_IBUF_inst/O
                         net (fo=1, routed)           1.862     3.250    clk_IBUF
    BUFGCTRL_X0Y0        BUFG (Prop_bufg_I_O)         0.091     3.341 r  clk_IBUF_BUFG_inst/O
                         net (fo=259, routed)         1.508     4.849    C2/C0/BtoBCD/clk_IBUF_BUFG
    SLICE_X58Y96         FDRE                                         r  C2/C0/BtoBCD/tmpSR_reg[7]/C

Slack:                    inf
  Source:                 sw[3]
                            (input port)
  Destination:            C2/C0/BtoBCD/tmpSR_reg[0]/D
                            (rising edge-triggered cell FDRE clocked by sys_clk_pin  {rise@0.000ns fall@5.000ns period=10.000ns})
  Path Group:             (none)
  Path Type:              Setup (Max at Slow Process Corner)
  Data Path Delay:        12.237ns  (logic 3.769ns (30.803%)  route 8.468ns (69.197%))
  Logic Levels:           9  (CARRY4=5 IBUF=1 LUT3=1 LUT6=2)
  Clock Path Skew:        4.850ns (DCD - SCD + CPR)
    Destination Clock Delay (DCD):    4.850ns
    Source Clock Delay      (SCD):    0.000ns
    Clock Pessimism Removal (CPR):    0.000ns
  Clock Uncertainty:      0.025ns  ((TSJ^2 + TIJ^2)^1/2 + DJ) / 2 + PE
    Total System Jitter     (TSJ):    0.050ns
    Total Input Jitter      (TIJ):    0.000ns
    Discrete Jitter          (DJ):    0.000ns
    Phase Error              (PE):    0.000ns

    Location             Delay type                Incr(ns)  Path(ns)    Netlist Resource(s)
  -------------------------------------------------------------------    -------------------
    W17                                               0.000     0.000 r  sw[3] (IN)
                         net (fo=0)                   0.000     0.000    sw[3]
    W17                  IBUF (Prop_ibuf_I_O)         1.448     1.448 r  sw_IBUF[3]_inst/O
                         net (fo=69, routed)          5.879     7.328    C0/sw_IBUF[3]
    SLICE_X57Y92         LUT6 (Prop_lut6_I3_O)        0.124     7.452 r  C0/tmpSR[3]_i_43/O
                         net (fo=1, routed)           0.627     8.079    C0/tmpSR[3]_i_43_n_0
    SLICE_X61Y92         CARRY4 (Prop_carry4_S[0]_CO[3])
                                                      0.656     8.735 r  C0/tmpSR_reg[3]_i_28/CO[3]
                         net (fo=1, routed)           0.000     8.735    C0/tmpSR_reg[3]_i_28_n_0
    SLICE_X61Y93         CARRY4 (Prop_carry4_CI_O[0])
                                                      0.222     8.957 r  C0/tmpSR_reg[3]_i_21/O[0]
                         net (fo=3, routed)           0.836     9.793    C0/unsigned_data0[4]
    SLICE_X58Y93         LUT3 (Prop_lut3_I0_O)        0.299    10.092 r  C0/tmpSR[3]_i_22/O
                         net (fo=1, routed)           0.520    10.612    C0/C2/A[5]
    SLICE_X59Y92         CARRY4 (Prop_carry4_DI[3]_CO[3])
                                                      0.385    10.997 r  C0/tmpSR_reg[3]_i_12/CO[3]
                         net (fo=1, routed)           0.000    10.997    C0/tmpSR_reg[3]_i_12_n_0
    SLICE_X59Y93         CARRY4 (Prop_carry4_CI_CO[3])
                                                      0.114    11.111 r  C0/tmpSR_reg[3]_i_3/CO[3]
                         net (fo=1, routed)           0.000    11.111    C0/tmpSR_reg[3]_i_3_n_0
    SLICE_X59Y94         CARRY4 (Prop_carry4_CI_O[0])
                                                      0.222    11.333 r  C0/tmpSR_reg[3]_i_2/O[0]
                         net (fo=1, routed)           0.605    11.938    C2/C0/BtoBCD/temp0[0]
    SLICE_X58Y97         LUT6 (Prop_lut6_I0_O)        0.299    12.237 r  C2/C0/BtoBCD/tmpSR[0]_i_1/O
                         net (fo=1, routed)           0.000    12.237    C2/C0/BtoBCD/tmpSR[0]
    SLICE_X58Y97         FDRE                                         r  C2/C0/BtoBCD/tmpSR_reg[0]/D
  -------------------------------------------------------------------    -------------------

                         (clock sys_clk_pin rise edge)
                                                      0.000     0.000 r  
    W5                                                0.000     0.000 r  clk (IN)
                         net (fo=0)                   0.000     0.000    clk
    W5                   IBUF (Prop_ibuf_I_O)         1.388     1.388 r  clk_IBUF_inst/O
                         net (fo=1, routed)           1.862     3.250    clk_IBUF
    BUFGCTRL_X0Y0        BUFG (Prop_bufg_I_O)         0.091     3.341 r  clk_IBUF_BUFG_inst/O
                         net (fo=259, routed)         1.509     4.850    C2/C0/BtoBCD/clk_IBUF_BUFG
    SLICE_X58Y97         FDRE                                         r  C2/C0/BtoBCD/tmpSR_reg[0]/C

Slack:                    inf
  Source:                 sw[3]
                            (input port)
  Destination:            C2/C0/BtoBCD/tmpSR_reg[1]/D
                            (rising edge-triggered cell FDRE clocked by sys_clk_pin  {rise@0.000ns fall@5.000ns period=10.000ns})
  Path Group:             (none)
  Path Type:              Setup (Max at Slow Process Corner)
  Data Path Delay:        12.190ns  (logic 3.885ns (31.874%)  route 8.305ns (68.126%))
  Logic Levels:           9  (CARRY4=5 IBUF=1 LUT3=1 LUT6=2)
  Clock Path Skew:        4.850ns (DCD - SCD + CPR)
    Destination Clock Delay (DCD):    4.850ns
    Source Clock Delay      (SCD):    0.000ns
    Clock Pessimism Removal (CPR):    0.000ns
  Clock Uncertainty:      0.025ns  ((TSJ^2 + TIJ^2)^1/2 + DJ) / 2 + PE
    Total System Jitter     (TSJ):    0.050ns
    Total Input Jitter      (TIJ):    0.000ns
    Discrete Jitter          (DJ):    0.000ns
    Phase Error              (PE):    0.000ns

    Location             Delay type                Incr(ns)  Path(ns)    Netlist Resource(s)
  -------------------------------------------------------------------    -------------------
    W17                                               0.000     0.000 r  sw[3] (IN)
                         net (fo=0)                   0.000     0.000    sw[3]
    W17                  IBUF (Prop_ibuf_I_O)         1.448     1.448 r  sw_IBUF[3]_inst/O
                         net (fo=69, routed)          5.879     7.328    C0/sw_IBUF[3]
    SLICE_X57Y92         LUT6 (Prop_lut6_I3_O)        0.124     7.452 r  C0/tmpSR[3]_i_43/O
                         net (fo=1, routed)           0.627     8.079    C0/tmpSR[3]_i_43_n_0
    SLICE_X61Y92         CARRY4 (Prop_carry4_S[0]_CO[3])
                                                      0.656     8.735 r  C0/tmpSR_reg[3]_i_28/CO[3]
                         net (fo=1, routed)           0.000     8.735    C0/tmpSR_reg[3]_i_28_n_0
    SLICE_X61Y93         CARRY4 (Prop_carry4_CI_O[0])
                                                      0.222     8.957 r  C0/tmpSR_reg[3]_i_21/O[0]
                         net (fo=3, routed)           0.836     9.793    C0/unsigned_data0[4]
    SLICE_X58Y93         LUT3 (Prop_lut3_I0_O)        0.299    10.092 r  C0/tmpSR[3]_i_22/O
                         net (fo=1, routed)           0.520    10.612    C0/C2/A[5]
    SLICE_X59Y92         CARRY4 (Prop_carry4_DI[3]_CO[3])
                                                      0.385    10.997 r  C0/tmpSR_reg[3]_i_12/CO[3]
                         net (fo=1, routed)           0.000    10.997    C0/tmpSR_reg[3]_i_12_n_0
    SLICE_X59Y93         CARRY4 (Prop_carry4_CI_CO[3])
                                                      0.114    11.111 r  C0/tmpSR_reg[3]_i_3/CO[3]
                         net (fo=1, routed)           0.000    11.111    C0/tmpSR_reg[3]_i_3_n_0
    SLICE_X59Y94         CARRY4 (Prop_carry4_CI_O[1])
                                                      0.334    11.445 r  C0/tmpSR_reg[3]_i_2/O[1]
                         net (fo=1, routed)           0.442    11.887    C2/C0/BtoBCD/temp0[1]
    SLICE_X59Y97         LUT6 (Prop_lut6_I3_O)        0.303    12.190 r  C2/C0/BtoBCD/tmpSR[1]_i_1/O
                         net (fo=1, routed)           0.000    12.190    C2/C0/BtoBCD/tmpSR[1]
    SLICE_X59Y97         FDRE                                         r  C2/C0/BtoBCD/tmpSR_reg[1]/D
  -------------------------------------------------------------------    -------------------

                         (clock sys_clk_pin rise edge)
                                                      0.000     0.000 r  
    W5                                                0.000     0.000 r  clk (IN)
                         net (fo=0)                   0.000     0.000    clk
    W5                   IBUF (Prop_ibuf_I_O)         1.388     1.388 r  clk_IBUF_inst/O
                         net (fo=1, routed)           1.862     3.250    clk_IBUF
    BUFGCTRL_X0Y0        BUFG (Prop_bufg_I_O)         0.091     3.341 r  clk_IBUF_BUFG_inst/O
                         net (fo=259, routed)         1.509     4.850    C2/C0/BtoBCD/clk_IBUF_BUFG
    SLICE_X59Y97         FDRE                                         r  C2/C0/BtoBCD/tmpSR_reg[1]/C

Slack:                    inf
  Source:                 sw[3]
                            (input port)
  Destination:            C2/C0/BtoBCD/tmpSR_reg[6]/D
                            (rising edge-triggered cell FDRE clocked by sys_clk_pin  {rise@0.000ns fall@5.000ns period=10.000ns})
  Path Group:             (none)
  Path Type:              Setup (Max at Slow Process Corner)
  Data Path Delay:        12.187ns  (logic 3.903ns (32.029%)  route 8.284ns (67.971%))
  Logic Levels:           10  (CARRY4=6 IBUF=1 LUT3=1 LUT6=2)
  Clock Path Skew:        4.849ns (DCD - SCD + CPR)
    Destination Clock Delay (DCD):    4.849ns
    Source Clock Delay      (SCD):    0.000ns
    Clock Pessimism Removal (CPR):    0.000ns
  Clock Uncertainty:      0.025ns  ((TSJ^2 + TIJ^2)^1/2 + DJ) / 2 + PE
    Total System Jitter     (TSJ):    0.050ns
    Total Input Jitter      (TIJ):    0.000ns
    Discrete Jitter          (DJ):    0.000ns
    Phase Error              (PE):    0.000ns

    Location             Delay type                Incr(ns)  Path(ns)    Netlist Resource(s)
  -------------------------------------------------------------------    -------------------
    W17                                               0.000     0.000 r  sw[3] (IN)
                         net (fo=0)                   0.000     0.000    sw[3]
    W17                  IBUF (Prop_ibuf_I_O)         1.448     1.448 r  sw_IBUF[3]_inst/O
                         net (fo=69, routed)          5.879     7.328    C0/sw_IBUF[3]
    SLICE_X57Y92         LUT6 (Prop_lut6_I3_O)        0.124     7.452 r  C0/tmpSR[3]_i_43/O
                         net (fo=1, routed)           0.627     8.079    C0/tmpSR[3]_i_43_n_0
    SLICE_X61Y92         CARRY4 (Prop_carry4_S[0]_CO[3])
                                                      0.656     8.735 r  C0/tmpSR_reg[3]_i_28/CO[3]
                         net (fo=1, routed)           0.000     8.735    C0/tmpSR_reg[3]_i_28_n_0
    SLICE_X61Y93         CARRY4 (Prop_carry4_CI_O[0])
                                                      0.222     8.957 r  C0/tmpSR_reg[3]_i_21/O[0]
                         net (fo=3, routed)           0.836     9.793    C0/unsigned_data0[4]
    SLICE_X58Y93         LUT3 (Prop_lut3_I0_O)        0.299    10.092 r  C0/tmpSR[3]_i_22/O
                         net (fo=1, routed)           0.520    10.612    C0/C2/A[5]
    SLICE_X59Y92         CARRY4 (Prop_carry4_DI[3]_CO[3])
                                                      0.385    10.997 r  C0/tmpSR_reg[3]_i_12/CO[3]
                         net (fo=1, routed)           0.000    10.997    C0/tmpSR_reg[3]_i_12_n_0
    SLICE_X59Y93         CARRY4 (Prop_carry4_CI_CO[3])
                                                      0.114    11.111 r  C0/tmpSR_reg[3]_i_3/CO[3]
                         net (fo=1, routed)           0.000    11.111    C0/tmpSR_reg[3]_i_3_n_0
    SLICE_X59Y94         CARRY4 (Prop_carry4_CI_CO[3])
                                                      0.114    11.225 r  C0/tmpSR_reg[3]_i_2/CO[3]
                         net (fo=1, routed)           0.000    11.225    C0/tmpSR_reg[3]_i_2_n_0
    SLICE_X59Y95         CARRY4 (Prop_carry4_CI_O[2])
                                                      0.239    11.464 r  C0/tmpSR_reg[7]_i_2/O[2]
                         net (fo=1, routed)           0.421    11.885    C2/C0/BtoBCD/temp0[6]
    SLICE_X58Y96         LUT6 (Prop_lut6_I3_O)        0.302    12.187 r  C2/C0/BtoBCD/tmpSR[6]_i_1/O
                         net (fo=1, routed)           0.000    12.187    C2/C0/BtoBCD/tmpSR[6]
    SLICE_X58Y96         FDRE                                         r  C2/C0/BtoBCD/tmpSR_reg[6]/D
  -------------------------------------------------------------------    -------------------

                         (clock sys_clk_pin rise edge)
                                                      0.000     0.000 r  
    W5                                                0.000     0.000 r  clk (IN)
                         net (fo=0)                   0.000     0.000    clk
    W5                   IBUF (Prop_ibuf_I_O)         1.388     1.388 r  clk_IBUF_inst/O
                         net (fo=1, routed)           1.862     3.250    clk_IBUF
    BUFGCTRL_X0Y0        BUFG (Prop_bufg_I_O)         0.091     3.341 r  clk_IBUF_BUFG_inst/O
                         net (fo=259, routed)         1.508     4.849    C2/C0/BtoBCD/clk_IBUF_BUFG
    SLICE_X58Y96         FDRE                                         r  C2/C0/BtoBCD/tmpSR_reg[6]/C

Slack:                    inf
  Source:                 sw[3]
                            (input port)
  Destination:            C2/C0/BtoBCD/tmpSR_reg[3]/D
                            (rising edge-triggered cell FDRE clocked by sys_clk_pin  {rise@0.000ns fall@5.000ns period=10.000ns})
  Path Group:             (none)
  Path Type:              Setup (Max at Slow Process Corner)
  Data Path Delay:        12.169ns  (logic 3.867ns (31.781%)  route 8.302ns (68.219%))
  Logic Levels:           9  (CARRY4=5 IBUF=1 LUT3=1 LUT6=2)
  Clock Path Skew:        4.849ns (DCD - SCD + CPR)
    Destination Clock Delay (DCD):    4.849ns
    Source Clock Delay      (SCD):    0.000ns
    Clock Pessimism Removal (CPR):    0.000ns
  Clock Uncertainty:      0.025ns  ((TSJ^2 + TIJ^2)^1/2 + DJ) / 2 + PE
    Total System Jitter     (TSJ):    0.050ns
    Total Input Jitter      (TIJ):    0.000ns
    Discrete Jitter          (DJ):    0.000ns
    Phase Error              (PE):    0.000ns

    Location             Delay type                Incr(ns)  Path(ns)    Netlist Resource(s)
  -------------------------------------------------------------------    -------------------
    W17                                               0.000     0.000 r  sw[3] (IN)
                         net (fo=0)                   0.000     0.000    sw[3]
    W17                  IBUF (Prop_ibuf_I_O)         1.448     1.448 r  sw_IBUF[3]_inst/O
                         net (fo=69, routed)          5.879     7.328    C0/sw_IBUF[3]
    SLICE_X57Y92         LUT6 (Prop_lut6_I3_O)        0.124     7.452 r  C0/tmpSR[3]_i_43/O
                         net (fo=1, routed)           0.627     8.079    C0/tmpSR[3]_i_43_n_0
    SLICE_X61Y92         CARRY4 (Prop_carry4_S[0]_CO[3])
                                                      0.656     8.735 r  C0/tmpSR_reg[3]_i_28/CO[3]
                         net (fo=1, routed)           0.000     8.735    C0/tmpSR_reg[3]_i_28_n_0
    SLICE_X61Y93         CARRY4 (Prop_carry4_CI_O[0])
                                                      0.222     8.957 r  C0/tmpSR_reg[3]_i_21/O[0]
                         net (fo=3, routed)           0.836     9.793    C0/unsigned_data0[4]
    SLICE_X58Y93         LUT3 (Prop_lut3_I0_O)        0.299    10.092 r  C0/tmpSR[3]_i_22/O
                         net (fo=1, routed)           0.520    10.612    C0/C2/A[5]
    SLICE_X59Y92         CARRY4 (Prop_carry4_DI[3]_CO[3])
                                                      0.385    10.997 r  C0/tmpSR_reg[3]_i_12/CO[3]
                         net (fo=1, routed)           0.000    10.997    C0/tmpSR_reg[3]_i_12_n_0
    SLICE_X59Y93         CARRY4 (Prop_carry4_CI_CO[3])
                                                      0.114    11.111 r  C0/tmpSR_reg[3]_i_3/CO[3]
                         net (fo=1, routed)           0.000    11.111    C0/tmpSR_reg[3]_i_3_n_0
    SLICE_X59Y94         CARRY4 (Prop_carry4_CI_O[3])
                                                      0.313    11.424 r  C0/tmpSR_reg[3]_i_2/O[3]
                         net (fo=1, routed)           0.439    11.863    C2/C0/BtoBCD/temp0[3]
    SLICE_X58Y95         LUT6 (Prop_lut6_I3_O)        0.306    12.169 r  C2/C0/BtoBCD/tmpSR[3]_i_1/O
                         net (fo=1, routed)           0.000    12.169    C2/C0/BtoBCD/tmpSR[3]
    SLICE_X58Y95         FDRE                                         r  C2/C0/BtoBCD/tmpSR_reg[3]/D
  -------------------------------------------------------------------    -------------------

                         (clock sys_clk_pin rise edge)
                                                      0.000     0.000 r  
    W5                                                0.000     0.000 r  clk (IN)
                         net (fo=0)                   0.000     0.000    clk
    W5                   IBUF (Prop_ibuf_I_O)         1.388     1.388 r  clk_IBUF_inst/O
                         net (fo=1, routed)           1.862     3.250    clk_IBUF
    BUFGCTRL_X0Y0        BUFG (Prop_bufg_I_O)         0.091     3.341 r  clk_IBUF_BUFG_inst/O
                         net (fo=259, routed)         1.508     4.849    C2/C0/BtoBCD/clk_IBUF_BUFG
    SLICE_X58Y95         FDRE                                         r  C2/C0/BtoBCD/tmpSR_reg[3]/C

Slack:                    inf
  Source:                 sw[3]
                            (input port)
  Destination:            C2/C0/BtoBCD/tmpSR_reg[8]/D
                            (rising edge-triggered cell FDRE clocked by sys_clk_pin  {rise@0.000ns fall@5.000ns period=10.000ns})
  Path Group:             (none)
  Path Type:              Setup (Max at Slow Process Corner)
  Data Path Delay:        12.156ns  (logic 3.997ns (32.885%)  route 8.158ns (67.115%))
  Logic Levels:           11  (CARRY4=7 IBUF=1 LUT3=1 LUT6=2)
  Clock Path Skew:        4.850ns (DCD - SCD + CPR)
    Destination Clock Delay (DCD):    4.850ns
    Source Clock Delay      (SCD):    0.000ns
    Clock Pessimism Removal (CPR):    0.000ns
  Clock Uncertainty:      0.025ns  ((TSJ^2 + TIJ^2)^1/2 + DJ) / 2 + PE
    Total System Jitter     (TSJ):    0.050ns
    Total Input Jitter      (TIJ):    0.000ns
    Discrete Jitter          (DJ):    0.000ns
    Phase Error              (PE):    0.000ns

    Location             Delay type                Incr(ns)  Path(ns)    Netlist Resource(s)
  -------------------------------------------------------------------    -------------------
    W17                                               0.000     0.000 r  sw[3] (IN)
                         net (fo=0)                   0.000     0.000    sw[3]
    W17                  IBUF (Prop_ibuf_I_O)         1.448     1.448 r  sw_IBUF[3]_inst/O
                         net (fo=69, routed)          5.879     7.328    C0/sw_IBUF[3]
    SLICE_X57Y92         LUT6 (Prop_lut6_I3_O)        0.124     7.452 r  C0/tmpSR[3]_i_43/O
                         net (fo=1, routed)           0.627     8.079    C0/tmpSR[3]_i_43_n_0
    SLICE_X61Y92         CARRY4 (Prop_carry4_S[0]_CO[3])
                                                      0.656     8.735 r  C0/tmpSR_reg[3]_i_28/CO[3]
                         net (fo=1, routed)           0.000     8.735    C0/tmpSR_reg[3]_i_28_n_0
    SLICE_X61Y93         CARRY4 (Prop_carry4_CI_O[0])
                                                      0.222     8.957 r  C0/tmpSR_reg[3]_i_21/O[0]
                         net (fo=3, routed)           0.836     9.793    C0/unsigned_data0[4]
    SLICE_X58Y93         LUT3 (Prop_lut3_I0_O)        0.299    10.092 r  C0/tmpSR[3]_i_22/O
                         net (fo=1, routed)           0.520    10.612    C0/C2/A[5]
    SLICE_X59Y92         CARRY4 (Prop_carry4_DI[3]_CO[3])
                                                      0.385    10.997 r  C0/tmpSR_reg[3]_i_12/CO[3]
                         net (fo=1, routed)           0.000    10.997    C0/tmpSR_reg[3]_i_12_n_0
    SLICE_X59Y93         CARRY4 (Prop_carry4_CI_CO[3])
                                                      0.114    11.111 r  C0/tmpSR_reg[3]_i_3/CO[3]
                         net (fo=1, routed)           0.000    11.111    C0/tmpSR_reg[3]_i_3_n_0
    SLICE_X59Y94         CARRY4 (Prop_carry4_CI_CO[3])
                                                      0.114    11.225 r  C0/tmpSR_reg[3]_i_2/CO[3]
                         net (fo=1, routed)           0.000    11.225    C0/tmpSR_reg[3]_i_2_n_0
    SLICE_X59Y95         CARRY4 (Prop_carry4_CI_CO[3])
                                                      0.114    11.339 r  C0/tmpSR_reg[7]_i_2/CO[3]
                         net (fo=1, routed)           0.000    11.339    C0/tmpSR_reg[7]_i_2_n_0
    SLICE_X59Y96         CARRY4 (Prop_carry4_CI_O[0])
                                                      0.222    11.561 r  C0/tmpSR_reg[9]_i_4/O[0]
                         net (fo=1, routed)           0.296    11.857    C2/C0/BtoBCD/temp0[8]
    SLICE_X59Y97         LUT6 (Prop_lut6_I3_O)        0.299    12.156 r  C2/C0/BtoBCD/tmpSR[8]_i_1/O
                         net (fo=1, routed)           0.000    12.156    C2/C0/BtoBCD/tmpSR[8]
    SLICE_X59Y97         FDRE                                         r  C2/C0/BtoBCD/tmpSR_reg[8]/D
  -------------------------------------------------------------------    -------------------

                         (clock sys_clk_pin rise edge)
                                                      0.000     0.000 r  
    W5                                                0.000     0.000 r  clk (IN)
                         net (fo=0)                   0.000     0.000    clk
    W5                   IBUF (Prop_ibuf_I_O)         1.388     1.388 r  clk_IBUF_inst/O
                         net (fo=1, routed)           1.862     3.250    clk_IBUF
    BUFGCTRL_X0Y0        BUFG (Prop_bufg_I_O)         0.091     3.341 r  clk_IBUF_BUFG_inst/O
                         net (fo=259, routed)         1.509     4.850    C2/C0/BtoBCD/clk_IBUF_BUFG
    SLICE_X59Y97         FDRE                                         r  C2/C0/BtoBCD/tmpSR_reg[8]/C

Slack:                    inf
  Source:                 sw[3]
                            (input port)
  Destination:            C2/C0/BtoBCD/tmpSR_reg[4]/D
                            (rising edge-triggered cell FDRE clocked by sys_clk_pin  {rise@0.000ns fall@5.000ns period=10.000ns})
  Path Group:             (none)
  Path Type:              Setup (Max at Slow Process Corner)
  Data Path Delay:        12.097ns  (logic 3.883ns (32.103%)  route 8.213ns (67.897%))
  Logic Levels:           10  (CARRY4=6 IBUF=1 LUT3=1 LUT6=2)
  Clock Path Skew:        4.849ns (DCD - SCD + CPR)
    Destination Clock Delay (DCD):    4.849ns
    Source Clock Delay      (SCD):    0.000ns
    Clock Pessimism Removal (CPR):    0.000ns
  Clock Uncertainty:      0.025ns  ((TSJ^2 + TIJ^2)^1/2 + DJ) / 2 + PE
    Total System Jitter     (TSJ):    0.050ns
    Total Input Jitter      (TIJ):    0.000ns
    Discrete Jitter          (DJ):    0.000ns
    Phase Error              (PE):    0.000ns

    Location             Delay type                Incr(ns)  Path(ns)    Netlist Resource(s)
  -------------------------------------------------------------------    -------------------
    W17                                               0.000     0.000 r  sw[3] (IN)
                         net (fo=0)                   0.000     0.000    sw[3]
    W17                  IBUF (Prop_ibuf_I_O)         1.448     1.448 r  sw_IBUF[3]_inst/O
                         net (fo=69, routed)          5.879     7.328    C0/sw_IBUF[3]
    SLICE_X57Y92         LUT6 (Prop_lut6_I3_O)        0.124     7.452 r  C0/tmpSR[3]_i_43/O
                         net (fo=1, routed)           0.627     8.079    C0/tmpSR[3]_i_43_n_0
    SLICE_X61Y92         CARRY4 (Prop_carry4_S[0]_CO[3])
                                                      0.656     8.735 r  C0/tmpSR_reg[3]_i_28/CO[3]
                         net (fo=1, routed)           0.000     8.735    C0/tmpSR_reg[3]_i_28_n_0
    SLICE_X61Y93         CARRY4 (Prop_carry4_CI_O[0])
                                                      0.222     8.957 r  C0/tmpSR_reg[3]_i_21/O[0]
                         net (fo=3, routed)           0.836     9.793    C0/unsigned_data0[4]
    SLICE_X58Y93         LUT3 (Prop_lut3_I0_O)        0.299    10.092 r  C0/tmpSR[3]_i_22/O
                         net (fo=1, routed)           0.520    10.612    C0/C2/A[5]
    SLICE_X59Y92         CARRY4 (Prop_carry4_DI[3]_CO[3])
                                                      0.385    10.997 r  C0/tmpSR_reg[3]_i_12/CO[3]
                         net (fo=1, routed)           0.000    10.997    C0/tmpSR_reg[3]_i_12_n_0
    SLICE_X59Y93         CARRY4 (Prop_carry4_CI_CO[3])
                                                      0.114    11.111 r  C0/tmpSR_reg[3]_i_3/CO[3]
                         net (fo=1, routed)           0.000    11.111    C0/tmpSR_reg[3]_i_3_n_0
    SLICE_X59Y94         CARRY4 (Prop_carry4_CI_CO[3])
                                                      0.114    11.225 r  C0/tmpSR_reg[3]_i_2/CO[3]
                         net (fo=1, routed)           0.000    11.225    C0/tmpSR_reg[3]_i_2_n_0
    SLICE_X59Y95         CARRY4 (Prop_carry4_CI_O[0])
                                                      0.222    11.447 r  C0/tmpSR_reg[7]_i_2/O[0]
                         net (fo=1, routed)           0.351    11.798    C2/C0/BtoBCD/temp0[4]
    SLICE_X58Y95         LUT6 (Prop_lut6_I3_O)        0.299    12.097 r  C2/C0/BtoBCD/tmpSR[4]_i_1/O
                         net (fo=1, routed)           0.000    12.097    C2/C0/BtoBCD/tmpSR[4]
    SLICE_X58Y95         FDRE                                         r  C2/C0/BtoBCD/tmpSR_reg[4]/D
  -------------------------------------------------------------------    -------------------

                         (clock sys_clk_pin rise edge)
                                                      0.000     0.000 r  
    W5                                                0.000     0.000 r  clk (IN)
                         net (fo=0)                   0.000     0.000    clk
    W5                   IBUF (Prop_ibuf_I_O)         1.388     1.388 r  clk_IBUF_inst/O
                         net (fo=1, routed)           1.862     3.250    clk_IBUF
    BUFGCTRL_X0Y0        BUFG (Prop_bufg_I_O)         0.091     3.341 r  clk_IBUF_BUFG_inst/O
                         net (fo=259, routed)         1.508     4.849    C2/C0/BtoBCD/clk_IBUF_BUFG
    SLICE_X58Y95         FDRE                                         r  C2/C0/BtoBCD/tmpSR_reg[4]/C

Slack:                    inf
  Source:                 sw[3]
                            (input port)
  Destination:            C2/C0/BtoBCD/tmpSR_reg[2]/D
                            (rising edge-triggered cell FDRE clocked by sys_clk_pin  {rise@0.000ns fall@5.000ns period=10.000ns})
  Path Group:             (none)
  Path Type:              Setup (Max at Slow Process Corner)
  Data Path Delay:        12.073ns  (logic 3.789ns (31.387%)  route 8.284ns (68.613%))
  Logic Levels:           9  (CARRY4=5 IBUF=1 LUT3=1 LUT6=2)
  Clock Path Skew:        4.849ns (DCD - SCD + CPR)
    Destination Clock Delay (DCD):    4.849ns
    Source Clock Delay      (SCD):    0.000ns
    Clock Pessimism Removal (CPR):    0.000ns
  Clock Uncertainty:      0.025ns  ((TSJ^2 + TIJ^2)^1/2 + DJ) / 2 + PE
    Total System Jitter     (TSJ):    0.050ns
    Total Input Jitter      (TIJ):    0.000ns
    Discrete Jitter          (DJ):    0.000ns
    Phase Error              (PE):    0.000ns

    Location             Delay type                Incr(ns)  Path(ns)    Netlist Resource(s)
  -------------------------------------------------------------------    -------------------
    W17                                               0.000     0.000 r  sw[3] (IN)
                         net (fo=0)                   0.000     0.000    sw[3]
    W17                  IBUF (Prop_ibuf_I_O)         1.448     1.448 r  sw_IBUF[3]_inst/O
                         net (fo=69, routed)          5.879     7.328    C0/sw_IBUF[3]
    SLICE_X57Y92         LUT6 (Prop_lut6_I3_O)        0.124     7.452 r  C0/tmpSR[3]_i_43/O
                         net (fo=1, routed)           0.627     8.079    C0/tmpSR[3]_i_43_n_0
    SLICE_X61Y92         CARRY4 (Prop_carry4_S[0]_CO[3])
                                                      0.656     8.735 r  C0/tmpSR_reg[3]_i_28/CO[3]
                         net (fo=1, routed)           0.000     8.735    C0/tmpSR_reg[3]_i_28_n_0
    SLICE_X61Y93         CARRY4 (Prop_carry4_CI_O[0])
                                                      0.222     8.957 r  C0/tmpSR_reg[3]_i_21/O[0]
                         net (fo=3, routed)           0.836     9.793    C0/unsigned_data0[4]
    SLICE_X58Y93         LUT3 (Prop_lut3_I0_O)        0.299    10.092 r  C0/tmpSR[3]_i_22/O
                         net (fo=1, routed)           0.520    10.612    C0/C2/A[5]
    SLICE_X59Y92         CARRY4 (Prop_carry4_DI[3]_CO[3])
                                                      0.385    10.997 r  C0/tmpSR_reg[3]_i_12/CO[3]
                         net (fo=1, routed)           0.000    10.997    C0/tmpSR_reg[3]_i_12_n_0
    SLICE_X59Y93         CARRY4 (Prop_carry4_CI_CO[3])
                                                      0.114    11.111 r  C0/tmpSR_reg[3]_i_3/CO[3]
                         net (fo=1, routed)           0.000    11.111    C0/tmpSR_reg[3]_i_3_n_0
    SLICE_X59Y94         CARRY4 (Prop_carry4_CI_O[2])
                                                      0.239    11.350 r  C0/tmpSR_reg[3]_i_2/O[2]
                         net (fo=1, routed)           0.421    11.771    C2/C0/BtoBCD/temp0[2]
    SLICE_X58Y95         LUT6 (Prop_lut6_I3_O)        0.302    12.073 r  C2/C0/BtoBCD/tmpSR[2]_i_1/O
                         net (fo=1, routed)           0.000    12.073    C2/C0/BtoBCD/tmpSR[2]
    SLICE_X58Y95         FDRE                                         r  C2/C0/BtoBCD/tmpSR_reg[2]/D
  -------------------------------------------------------------------    -------------------

                         (clock sys_clk_pin rise edge)
                                                      0.000     0.000 r  
    W5                                                0.000     0.000 r  clk (IN)
                         net (fo=0)                   0.000     0.000    clk
    W5                   IBUF (Prop_ibuf_I_O)         1.388     1.388 r  clk_IBUF_inst/O
                         net (fo=1, routed)           1.862     3.250    clk_IBUF
    BUFGCTRL_X0Y0        BUFG (Prop_bufg_I_O)         0.091     3.341 r  clk_IBUF_BUFG_inst/O
                         net (fo=259, routed)         1.508     4.849    C2/C0/BtoBCD/clk_IBUF_BUFG
    SLICE_X58Y95         FDRE                                         r  C2/C0/BtoBCD/tmpSR_reg[2]/C





Min Delay Paths
--------------------------------------------------------------------------------------
Slack:                    inf
  Source:                 JA[2]
                            (input port)
  Destination:            C1/shift_register_reg[0]/D
                            (rising edge-triggered cell FDRE clocked by sys_clk_pin  {rise@0.000ns fall@5.000ns period=10.000ns})
  Path Group:             (none)
  Path Type:              Hold (Min at Fast Process Corner)
  Data Path Delay:        0.686ns  (logic 0.266ns (38.831%)  route 0.420ns (61.169%))
  Logic Levels:           2  (IBUF=1 LUT5=1)
  Clock Path Skew:        1.991ns (DCD - SCD - CPR)
    Destination Clock Delay (DCD):    1.991ns
    Source Clock Delay      (SCD):    0.000ns
    Clock Pessimism Removal (CPR):    -0.000ns

    Location             Delay type                Incr(ns)  Path(ns)    Netlist Resource(s)
  -------------------------------------------------------------------    -------------------
    J2                                                0.000     0.000 r  JA[2] (INOUT)
                         net (fo=0)                   0.000     0.000    JA[2]
    J2                   IBUF (Prop_ibuf_I_O)         0.221     0.221 r  JA_IBUF[2]_inst/O
                         net (fo=1, routed)           0.420     0.641    C1/JA_IBUF[0]
    SLICE_X65Y94         LUT5 (Prop_lut5_I4_O)        0.045     0.686 r  C1/shift_register[0]_i_1/O
                         net (fo=1, routed)           0.000     0.686    C1/shift_register[0]_i_1_n_0
    SLICE_X65Y94         FDRE                                         r  C1/shift_register_reg[0]/D
  -------------------------------------------------------------------    -------------------

                         (clock sys_clk_pin rise edge)
                                                      0.000     0.000 r  
    W5                                                0.000     0.000 r  clk (IN)
                         net (fo=0)                   0.000     0.000    clk
    W5                   IBUF (Prop_ibuf_I_O)         0.414     0.414 r  clk_IBUF_inst/O
                         net (fo=1, routed)           0.685     1.099    clk_IBUF
    BUFGCTRL_X0Y0        BUFG (Prop_bufg_I_O)         0.029     1.128 r  clk_IBUF_BUFG_inst/O
                         net (fo=259, routed)         0.863     1.991    C1/clk_IBUF_BUFG
    SLICE_X65Y94         FDRE                                         r  C1/shift_register_reg[0]/C

Slack:                    inf
  Source:                 sw[0]
                            (input port)
  Destination:            C0/axis_data_reg[1]/R
                            (rising edge-triggered cell FDRE clocked by sys_clk_pin  {rise@0.000ns fall@5.000ns period=10.000ns})
  Path Group:             (none)
  Path Type:              Hold (Min at Fast Process Corner)
  Data Path Delay:        2.516ns  (logic 0.221ns (8.783%)  route 2.295ns (91.217%))
  Logic Levels:           1  (IBUF=1)
  Clock Path Skew:        1.961ns (DCD - SCD - CPR)
    Destination Clock Delay (DCD):    1.961ns
    Source Clock Delay      (SCD):    0.000ns
    Clock Pessimism Removal (CPR):    -0.000ns

    Location             Delay type                Incr(ns)  Path(ns)    Netlist Resource(s)
  -------------------------------------------------------------------    -------------------
    V17                                               0.000     0.000 r  sw[0] (IN)
                         net (fo=0)                   0.000     0.000    sw[0]
    V17                  IBUF (Prop_ibuf_I_O)         0.221     0.221 r  sw_IBUF[0]_inst/O
                         net (fo=231, routed)         2.295     2.516    C0/sw_IBUF[0]
    SLICE_X57Y91         FDRE                                         r  C0/axis_data_reg[1]/R
  -------------------------------------------------------------------    -------------------

                         (clock sys_clk_pin rise edge)
                                                      0.000     0.000 r  
    W5                                                0.000     0.000 r  clk (IN)
                         net (fo=0)                   0.000     0.000    clk
    W5                   IBUF (Prop_ibuf_I_O)         0.414     0.414 r  clk_IBUF_inst/O
                         net (fo=1, routed)           0.685     1.099    clk_IBUF
    BUFGCTRL_X0Y0        BUFG (Prop_bufg_I_O)         0.029     1.128 r  clk_IBUF_BUFG_inst/O
                         net (fo=259, routed)         0.833     1.961    C0/clk_IBUF_BUFG
    SLICE_X57Y91         FDRE                                         r  C0/axis_data_reg[1]/C

Slack:                    inf
  Source:                 sw[0]
                            (input port)
  Destination:            C0/axis_data_reg[32]/R
                            (rising edge-triggered cell FDRE clocked by sys_clk_pin  {rise@0.000ns fall@5.000ns period=10.000ns})
  Path Group:             (none)
  Path Type:              Hold (Min at Fast Process Corner)
  Data Path Delay:        2.516ns  (logic 0.221ns (8.783%)  route 2.295ns (91.217%))
  Logic Levels:           1  (IBUF=1)
  Clock Path Skew:        1.961ns (DCD - SCD - CPR)
    Destination Clock Delay (DCD):    1.961ns
    Source Clock Delay      (SCD):    0.000ns
    Clock Pessimism Removal (CPR):    -0.000ns

    Location             Delay type                Incr(ns)  Path(ns)    Netlist Resource(s)
  -------------------------------------------------------------------    -------------------
    V17                                               0.000     0.000 r  sw[0] (IN)
                         net (fo=0)                   0.000     0.000    sw[0]
    V17                  IBUF (Prop_ibuf_I_O)         0.221     0.221 r  sw_IBUF[0]_inst/O
                         net (fo=231, routed)         2.295     2.516    C0/sw_IBUF[0]
    SLICE_X56Y91         FDRE                                         r  C0/axis_data_reg[32]/R
  -------------------------------------------------------------------    -------------------

                         (clock sys_clk_pin rise edge)
                                                      0.000     0.000 r  
    W5                                                0.000     0.000 r  clk (IN)
                         net (fo=0)                   0.000     0.000    clk
    W5                   IBUF (Prop_ibuf_I_O)         0.414     0.414 r  clk_IBUF_inst/O
                         net (fo=1, routed)           0.685     1.099    clk_IBUF
    BUFGCTRL_X0Y0        BUFG (Prop_bufg_I_O)         0.029     1.128 r  clk_IBUF_BUFG_inst/O
                         net (fo=259, routed)         0.833     1.961    C0/clk_IBUF_BUFG
    SLICE_X56Y91         FDRE                                         r  C0/axis_data_reg[32]/C

Slack:                    inf
  Source:                 sw[0]
                            (input port)
  Destination:            C0/x_axis_data_reg[1]/R
                            (rising edge-triggered cell FDRE clocked by sys_clk_pin  {rise@0.000ns fall@5.000ns period=10.000ns})
  Path Group:             (none)
  Path Type:              Hold (Min at Fast Process Corner)
  Data Path Delay:        2.596ns  (logic 0.221ns (8.511%)  route 2.375ns (91.489%))
  Logic Levels:           1  (IBUF=1)
  Clock Path Skew:        1.961ns (DCD - SCD - CPR)
    Destination Clock Delay (DCD):    1.961ns
    Source Clock Delay      (SCD):    0.000ns
    Clock Pessimism Removal (CPR):    -0.000ns

    Location             Delay type                Incr(ns)  Path(ns)    Netlist Resource(s)
  -------------------------------------------------------------------    -------------------
    V17                                               0.000     0.000 r  sw[0] (IN)
                         net (fo=0)                   0.000     0.000    sw[0]
    V17                  IBUF (Prop_ibuf_I_O)         0.221     0.221 r  sw_IBUF[0]_inst/O
                         net (fo=231, routed)         2.375     2.596    C0/sw_IBUF[0]
    SLICE_X57Y92         FDRE                                         r  C0/x_axis_data_reg[1]/R
  -------------------------------------------------------------------    -------------------

                         (clock sys_clk_pin rise edge)
                                                      0.000     0.000 r  
    W5                                                0.000     0.000 r  clk (IN)
                         net (fo=0)                   0.000     0.000    clk
    W5                   IBUF (Prop_ibuf_I_O)         0.414     0.414 r  clk_IBUF_inst/O
                         net (fo=1, routed)           0.685     1.099    clk_IBUF
    BUFGCTRL_X0Y0        BUFG (Prop_bufg_I_O)         0.029     1.128 r  clk_IBUF_BUFG_inst/O
                         net (fo=259, routed)         0.833     1.961    C0/clk_IBUF_BUFG
    SLICE_X57Y92         FDRE                                         r  C0/x_axis_data_reg[1]/C

Slack:                    inf
  Source:                 sw[0]
                            (input port)
  Destination:            C0/x_axis_data_reg[2]/R
                            (rising edge-triggered cell FDRE clocked by sys_clk_pin  {rise@0.000ns fall@5.000ns period=10.000ns})
  Path Group:             (none)
  Path Type:              Hold (Min at Fast Process Corner)
  Data Path Delay:        2.596ns  (logic 0.221ns (8.511%)  route 2.375ns (91.489%))
  Logic Levels:           1  (IBUF=1)
  Clock Path Skew:        1.961ns (DCD - SCD - CPR)
    Destination Clock Delay (DCD):    1.961ns
    Source Clock Delay      (SCD):    0.000ns
    Clock Pessimism Removal (CPR):    -0.000ns

    Location             Delay type                Incr(ns)  Path(ns)    Netlist Resource(s)
  -------------------------------------------------------------------    -------------------
    V17                                               0.000     0.000 r  sw[0] (IN)
                         net (fo=0)                   0.000     0.000    sw[0]
    V17                  IBUF (Prop_ibuf_I_O)         0.221     0.221 r  sw_IBUF[0]_inst/O
                         net (fo=231, routed)         2.375     2.596    C0/sw_IBUF[0]
    SLICE_X56Y92         FDRE                                         r  C0/x_axis_data_reg[2]/R
  -------------------------------------------------------------------    -------------------

                         (clock sys_clk_pin rise edge)
                                                      0.000     0.000 r  
    W5                                                0.000     0.000 r  clk (IN)
                         net (fo=0)                   0.000     0.000    clk
    W5                   IBUF (Prop_ibuf_I_O)         0.414     0.414 r  clk_IBUF_inst/O
                         net (fo=1, routed)           0.685     1.099    clk_IBUF
    BUFGCTRL_X0Y0        BUFG (Prop_bufg_I_O)         0.029     1.128 r  clk_IBUF_BUFG_inst/O
                         net (fo=259, routed)         0.833     1.961    C0/clk_IBUF_BUFG
    SLICE_X56Y92         FDRE                                         r  C0/x_axis_data_reg[2]/C

Slack:                    inf
  Source:                 sw[0]
                            (input port)
  Destination:            C0/x_axis_data_reg[3]/R
                            (rising edge-triggered cell FDRE clocked by sys_clk_pin  {rise@0.000ns fall@5.000ns period=10.000ns})
  Path Group:             (none)
  Path Type:              Hold (Min at Fast Process Corner)
  Data Path Delay:        2.596ns  (logic 0.221ns (8.511%)  route 2.375ns (91.489%))
  Logic Levels:           1  (IBUF=1)
  Clock Path Skew:        1.961ns (DCD - SCD - CPR)
    Destination Clock Delay (DCD):    1.961ns
    Source Clock Delay      (SCD):    0.000ns
    Clock Pessimism Removal (CPR):    -0.000ns

    Location             Delay type                Incr(ns)  Path(ns)    Netlist Resource(s)
  -------------------------------------------------------------------    -------------------
    V17                                               0.000     0.000 r  sw[0] (IN)
                         net (fo=0)                   0.000     0.000    sw[0]
    V17                  IBUF (Prop_ibuf_I_O)         0.221     0.221 r  sw_IBUF[0]_inst/O
                         net (fo=231, routed)         2.375     2.596    C0/sw_IBUF[0]
    SLICE_X56Y92         FDRE                                         r  C0/x_axis_data_reg[3]/R
  -------------------------------------------------------------------    -------------------

                         (clock sys_clk_pin rise edge)
                                                      0.000     0.000 r  
    W5                                                0.000     0.000 r  clk (IN)
                         net (fo=0)                   0.000     0.000    clk
    W5                   IBUF (Prop_ibuf_I_O)         0.414     0.414 r  clk_IBUF_inst/O
                         net (fo=1, routed)           0.685     1.099    clk_IBUF
    BUFGCTRL_X0Y0        BUFG (Prop_bufg_I_O)         0.029     1.128 r  clk_IBUF_BUFG_inst/O
                         net (fo=259, routed)         0.833     1.961    C0/clk_IBUF_BUFG
    SLICE_X56Y92         FDRE                                         r  C0/x_axis_data_reg[3]/C

Slack:                    inf
  Source:                 sw[0]
                            (input port)
  Destination:            C0/y_axis_data_reg[0]/R
                            (rising edge-triggered cell FDRE clocked by sys_clk_pin  {rise@0.000ns fall@5.000ns period=10.000ns})
  Path Group:             (none)
  Path Type:              Hold (Min at Fast Process Corner)
  Data Path Delay:        2.596ns  (logic 0.221ns (8.511%)  route 2.375ns (91.489%))
  Logic Levels:           1  (IBUF=1)
  Clock Path Skew:        1.961ns (DCD - SCD - CPR)
    Destination Clock Delay (DCD):    1.961ns
    Source Clock Delay      (SCD):    0.000ns
    Clock Pessimism Removal (CPR):    -0.000ns

    Location             Delay type                Incr(ns)  Path(ns)    Netlist Resource(s)
  -------------------------------------------------------------------    -------------------
    V17                                               0.000     0.000 r  sw[0] (IN)
                         net (fo=0)                   0.000     0.000    sw[0]
    V17                  IBUF (Prop_ibuf_I_O)         0.221     0.221 r  sw_IBUF[0]_inst/O
                         net (fo=231, routed)         2.375     2.596    C0/sw_IBUF[0]
    SLICE_X56Y92         FDRE                                         r  C0/y_axis_data_reg[0]/R
  -------------------------------------------------------------------    -------------------

                         (clock sys_clk_pin rise edge)
                                                      0.000     0.000 r  
    W5                                                0.000     0.000 r  clk (IN)
                         net (fo=0)                   0.000     0.000    clk
    W5                   IBUF (Prop_ibuf_I_O)         0.414     0.414 r  clk_IBUF_inst/O
                         net (fo=1, routed)           0.685     1.099    clk_IBUF
    BUFGCTRL_X0Y0        BUFG (Prop_bufg_I_O)         0.029     1.128 r  clk_IBUF_BUFG_inst/O
                         net (fo=259, routed)         0.833     1.961    C0/clk_IBUF_BUFG
    SLICE_X56Y92         FDRE                                         r  C0/y_axis_data_reg[0]/C

Slack:                    inf
  Source:                 sw[0]
                            (input port)
  Destination:            C0/y_axis_data_reg[1]/R
                            (rising edge-triggered cell FDRE clocked by sys_clk_pin  {rise@0.000ns fall@5.000ns period=10.000ns})
  Path Group:             (none)
  Path Type:              Hold (Min at Fast Process Corner)
  Data Path Delay:        2.596ns  (logic 0.221ns (8.511%)  route 2.375ns (91.489%))
  Logic Levels:           1  (IBUF=1)
  Clock Path Skew:        1.961ns (DCD - SCD - CPR)
    Destination Clock Delay (DCD):    1.961ns
    Source Clock Delay      (SCD):    0.000ns
    Clock Pessimism Removal (CPR):    -0.000ns

    Location             Delay type                Incr(ns)  Path(ns)    Netlist Resource(s)
  -------------------------------------------------------------------    -------------------
    V17                                               0.000     0.000 r  sw[0] (IN)
                         net (fo=0)                   0.000     0.000    sw[0]
    V17                  IBUF (Prop_ibuf_I_O)         0.221     0.221 r  sw_IBUF[0]_inst/O
                         net (fo=231, routed)         2.375     2.596    C0/sw_IBUF[0]
    SLICE_X57Y92         FDRE                                         r  C0/y_axis_data_reg[1]/R
  -------------------------------------------------------------------    -------------------

                         (clock sys_clk_pin rise edge)
                                                      0.000     0.000 r  
    W5                                                0.000     0.000 r  clk (IN)
                         net (fo=0)                   0.000     0.000    clk
    W5                   IBUF (Prop_ibuf_I_O)         0.414     0.414 r  clk_IBUF_inst/O
                         net (fo=1, routed)           0.685     1.099    clk_IBUF
    BUFGCTRL_X0Y0        BUFG (Prop_bufg_I_O)         0.029     1.128 r  clk_IBUF_BUFG_inst/O
                         net (fo=259, routed)         0.833     1.961    C0/clk_IBUF_BUFG
    SLICE_X57Y92         FDRE                                         r  C0/y_axis_data_reg[1]/C

Slack:                    inf
  Source:                 sw[0]
                            (input port)
  Destination:            C0/z_axis_data_reg[0]/R
                            (rising edge-triggered cell FDRE clocked by sys_clk_pin  {rise@0.000ns fall@5.000ns period=10.000ns})
  Path Group:             (none)
  Path Type:              Hold (Min at Fast Process Corner)
  Data Path Delay:        2.596ns  (logic 0.221ns (8.511%)  route 2.375ns (91.489%))
  Logic Levels:           1  (IBUF=1)
  Clock Path Skew:        1.961ns (DCD - SCD - CPR)
    Destination Clock Delay (DCD):    1.961ns
    Source Clock Delay      (SCD):    0.000ns
    Clock Pessimism Removal (CPR):    -0.000ns

    Location             Delay type                Incr(ns)  Path(ns)    Netlist Resource(s)
  -------------------------------------------------------------------    -------------------
    V17                                               0.000     0.000 r  sw[0] (IN)
                         net (fo=0)                   0.000     0.000    sw[0]
    V17                  IBUF (Prop_ibuf_I_O)         0.221     0.221 r  sw_IBUF[0]_inst/O
                         net (fo=231, routed)         2.375     2.596    C0/sw_IBUF[0]
    SLICE_X56Y92         FDRE                                         r  C0/z_axis_data_reg[0]/R
  -------------------------------------------------------------------    -------------------

                         (clock sys_clk_pin rise edge)
                                                      0.000     0.000 r  
    W5                                                0.000     0.000 r  clk (IN)
                         net (fo=0)                   0.000     0.000    clk
    W5                   IBUF (Prop_ibuf_I_O)         0.414     0.414 r  clk_IBUF_inst/O
                         net (fo=1, routed)           0.685     1.099    clk_IBUF
    BUFGCTRL_X0Y0        BUFG (Prop_bufg_I_O)         0.029     1.128 r  clk_IBUF_BUFG_inst/O
                         net (fo=259, routed)         0.833     1.961    C0/clk_IBUF_BUFG
    SLICE_X56Y92         FDRE                                         r  C0/z_axis_data_reg[0]/C

Slack:                    inf
  Source:                 sw[0]
                            (input port)
  Destination:            C0/z_axis_data_reg[1]/R
                            (rising edge-triggered cell FDRE clocked by sys_clk_pin  {rise@0.000ns fall@5.000ns period=10.000ns})
  Path Group:             (none)
  Path Type:              Hold (Min at Fast Process Corner)
  Data Path Delay:        2.596ns  (logic 0.221ns (8.511%)  route 2.375ns (91.489%))
  Logic Levels:           1  (IBUF=1)
  Clock Path Skew:        1.961ns (DCD - SCD - CPR)
    Destination Clock Delay (DCD):    1.961ns
    Source Clock Delay      (SCD):    0.000ns
    Clock Pessimism Removal (CPR):    -0.000ns

    Location             Delay type                Incr(ns)  Path(ns)    Netlist Resource(s)
  -------------------------------------------------------------------    -------------------
    V17                                               0.000     0.000 r  sw[0] (IN)
                         net (fo=0)                   0.000     0.000    sw[0]
    V17                  IBUF (Prop_ibuf_I_O)         0.221     0.221 r  sw_IBUF[0]_inst/O
                         net (fo=231, routed)         2.375     2.596    C0/sw_IBUF[0]
    SLICE_X57Y92         FDRE                                         r  C0/z_axis_data_reg[1]/R
  -------------------------------------------------------------------    -------------------

                         (clock sys_clk_pin rise edge)
                                                      0.000     0.000 r  
    W5                                                0.000     0.000 r  clk (IN)
                         net (fo=0)                   0.000     0.000    clk
    W5                   IBUF (Prop_ibuf_I_O)         0.414     0.414 r  clk_IBUF_inst/O
                         net (fo=1, routed)           0.685     1.099    clk_IBUF
    BUFGCTRL_X0Y0        BUFG (Prop_bufg_I_O)         0.029     1.128 r  clk_IBUF_BUFG_inst/O
                         net (fo=259, routed)         0.833     1.961    C0/clk_IBUF_BUFG
    SLICE_X57Y92         FDRE                                         r  C0/z_axis_data_reg[1]/C





